Wind_Speed (rad),Delta_Wind (rad),Coastal_Exposure (rad),Failure_Label
-1.3610144474452268,0.05441514024379224,-3.141592653589793,0
-1.3652432573977165,0.05173986918696949,-2.7676285117356043,1
-1.3694068447774252,0.049020288079848484,-2.3831343097304316,1
-1.3732235699669813,0.04650406782798955,-2.0238884834737942,1
-1.3768205094561914,0.043898479290592096,-1.6488189435482454,0
-1.3808183623494588,0.041503326519909844,-1.3000986418346387,1
-1.3850157811845287,0.03905232899952438,-0.9390256004656177,1
-1.3890812849806082,0.03643274051062573,-0.5503313299029724,1
-1.3929516150393337,0.03392838236260687,-0.17524903850569418,1
-1.3966012463881745,0.03165416376991059,0.16924027928418006,1
-1.4010385555591538,0.029139974124548385,0.5567773753078069,1
-1.4051015938266065,0.02680571170772783,0.920339833557918,1
-1.4091077434927326,0.02440663225098083,1.2965198227658457,1
-1.41319372404727,0.02214544066693014,1.657926679563018,1
-1.4171290235678384,0.019895421280036185,2.0200765979006636,1
-1.4213323433569964,0.017402542398432974,2.423734012309125,1
-1.4256233173655712,0.01522938821228026,2.78781047714301,1
-1.4292963011147801,0.013096489347528273,3.141592653589793,1
-1.3731342650487801,0.04253736450676948,-1.4636502100059943,1
-1.3823403409536479,0.03324816544362852,-0.14683846989135096,1
-1.3920249464008925,0.023944738565906842,1.1801497472661957,1
-1.401837332592298,0.014829946282923778,2.4916079666401387,1
-1.3949610574791267,0.038952950425298116,-0.8982350635133387,1
-1.4200615489701447,0.029811356461199257,0.5785563339703823,1
-1.4439572176663458,0.021429974069756774,2.0582848420071382,1
-1.3811439938736518,0.03958500246490315,-1.027163164772964,1
-1.3818550091460085,0.03762528387375452,-0.7499076097894903,1
-1.3828820151822188,0.035453370875944135,-0.4440933383991075,1
-1.3842633584954167,0.033454816841675505,-0.16186607838419986,1
-1.385305346287667,0.0313265759650414,0.13419570725322183,1
-1.385615723904948,0.0293157085838347,0.4060239806224497,1
-1.3866618423385402,0.027327662155335553,0.6788188449021608,1
-1.3878924257592955,0.02516279078779693,0.9749770304244825,1
-1.2322846058944252,-0.04220785808814975,-3.141592653589793,1
-1.2417812260371692,-0.04288027511309345,-2.7676285117356043,1
-1.2513961258642008,-0.04371226227778413,-2.3831343097304316,0
-1.2602490184710418,-0.044520018943258854,-2.0238884834737942,1
-1.26935682106596,-0.04570046667733152,-1.6488189435482454,1
-1.2777175955576994,-0.04611678837147748,-1.3000986418346387,1
-1.2862586919231684,-0.0464597533786133,-0.9390256004656177,1
-1.2953199043755856,-0.0472265918074668,-0.5503313299029724,1
-1.3039409033901717,-0.0479757572745485,-0.17524903850569418,1
-1.3117554892477155,-0.04854002987642536,0.16924027928418006,1
-1.3204304022407367,-0.048830390257136536,0.5567773753078069,1
-1.3284580382637794,-0.049165494172340285,0.920339833557918,1
-1.3366548610297169,-0.04966233186082514,1.2965198227658457,1
-1.344426287616078,-0.04989415341926495,1.657926679563018,1
-1.3521153760802378,-0.05024302272967862,2.0200765979006636,1
-1.3605733700584979,-0.05076204664729156,2.423734012309125,1
-1.3680964899524022,-0.05075841677103998,2.78781047714301,1
-1.375322039775898,-0.05116893643589693,3.141592653589793,1
-1.2737970193235184,-0.051605117313492155,-1.4636502100059943,1
-1.3047432695273733,-0.05833813817154265,-0.14683846989135096,1
-1.3345982303515849,-0.06401699702631936,1.1801497472661957,1
-1.3628868790714082,-0.06880326994751851,2.4916079666401387,1
-1.2874661303602355,-0.037401374593779124,-0.8982350635133387,1
-1.321542112281512,-0.0315101590367064,0.5785563339703823,1
-1.3539778154907478,-0.026764199411499767,2.0582848420071382,1
-1.284168335520514,-0.04912910029555695,-1.027163164772964,1
-1.2906829056408462,-0.05176783339995161,-0.7499076097894903,1
-1.297815761246804,-0.054388399313179736,-0.4440933383991075,1
-1.3043391449380326,-0.05634638551319071,-0.16186607838419986,1
-1.3111403296342194,-0.05873835252343573,0.13419570725322183,1
-1.317370048708466,-0.061493882321895565,0.4060239806224497,1
-1.3235537936961073,-0.06352907561903898,0.6788188449021608,1
-1.3302149655030533,-0.06560705150314217,0.9749770304244825,1
-2.3826238143247194,0.093795749868268,-3.141592653589793,0
-2.3834613903347135,0.09392052154041153,-2.7676285117356043,0
-2.3842545122727032,0.09407328145989746,-2.3831343097304316,0
-2.3849719672061007,0.0942214111348747,-2.0238884834737942,0
-2.385564202237507,0.0944411652798327,-1.6488189435482454,0
-2.3863975644136355,0.09451410790471959,-1.3000986418346387,0
-2.3872937449015765,0.09456964240811994,-0.9390256004656177,0
-2.3880733652862633,0.09470724253510676,-0.5503313299029724,0
-2.38881031780787,0.0948418149325132,-0.17524903850569418,0
-2.3895349926364373,0.0949393414648525,0.16924027928418006,0
-2.3905039987833057,0.09497413148379641,0.5567773753078069,0
-2.391378519369719,0.09501739771982853,0.920339833557918,0
-2.3922045965741274,0.0950930171248574,1.2965198227658457,0
-2.3931124175604688,0.09510887307199045,1.657926679563018,0
-2.393959633487902,0.095148622216354,2.0200765979006636,0
-2.3948308569607732,0.09522103603940346,2.423734012309125,0
-2.395853037119948,0.0951732251116928,2.78781047714301,0
-2.396628361819433,0.09522234404186847,3.141592653589793,0
-2.383536738599393,0.09559315175626848,-1.4636502100059943,0
-2.384111395137134,0.09701907567177326,-0.14683846989135096,0
-2.3848589569058403,0.09833571995749679,1.1801497472661957,0
-2.38570441156702,0.09954357859293417,2.4916079666401387,0
-2.3914391458393105,0.09276671432227923,-0.8982350635133387,0
-2.3987529342299756,0.09130211850907788,0.5785563339703823,0
-2.405824627514023,0.08986699181490776,2.0582848420071382,0
-2.3858560319449698,0.09510593096395636,-1.027163164772964,0
-2.3854607508372423,0.09563765171935135,-0.7499076097894903,0
-2.385121868109071,0.09617993100411226,-0.4440933383991075,0
-2.3849921283264814,0.09659622733353901,-0.16186607838419986,0
-2.384672685542333,0.09711611070456527,0.13419570725322183,0
-2.384086759440347,0.09772831213464173,0.4060239806224497,0
-2.3838167651334317,0.09819584714540763,0.6788188449021608,0
-2.3835599097939997,0.09868595163453042,0.9749770304244825,0
-1.9504509853934808,0.21023190987662632,-3.141592653589793,0
-1.9483338768174736,0.21722068929829463,-2.7676285117356043,0
-1.9459523065661855,0.22449073161295097,-2.3831343097304316,0
-1.9436999431021897,0.23127624399546498,-2.0238884834737942,0
-1.9407330418499547,0.23871851886742457,-1.6488189435482454,0
-1.9392970095061313,0.2447956039028778,-1.3000986418346387,0
-1.9380526103764688,0.25088006431716225,-0.9390256004656177,0
-1.9359767203766631,0.25786094661958714,-0.5503313299029724,0
-1.9339944900586736,0.26454624942142635,-0.17524903850569418,0
-1.932478277880016,0.2704392554724646,0.16924027928418006,0
-1.9315992974976548,0.27642364357703775,0.5567773753078069,0
-1.930721546816924,0.28200761482978365,0.920339833557918,0
-1.9295466927222196,0.28791847509667123,1.2965198227658457,0
-1.9290738428449719,0.2930389963725042,1.657926679563018,0
-1.9284060709126916,0.2982495809297263,2.0200765979006636,0
-1.9274290900725823,0.3041655308299567,2.423734012309125,0
-1.9278289999688591,0.3084073923333066,2.78781047714301,0
-1.9272490755136535,0.31323576002003595,3.141592653589793,0
-1.9288656477980508,0.2489943052394068,-1.4636502100059943,0
-1.9113698955001905,0.28087432526443346,-0.14683846989135096,0
-1.8948288240844977,0.31302154998551224,1.1801497472661957,0
-1.8795958607127432,0.3444301745210132,2.4916079666401387,0
-1.9559313063579529,0.2399128804112376,-0.8982350635133387,0
-1.9689819654944476,0.2504727731618832,0.5785563339703823,0
-1.9830180594785476,0.2578886090814727,2.0582848420071382,0
-1.932825620681614,0.2530100660697334,-1.027163164772964,0
-1.926880163817662,0.2610756945195174,-0.7499076097894903,0
-1.9207053410160118,0.2698456782337266,-0.4440933383991075,0
-1.9158287229461746,0.27746832191879056,-0.16186607838419986,0
-1.9097967212267488,0.28621649081521783,0.13419570725322183,0
-1.9027637173961123,0.29546884956576935,0.4060239806224497,0
-1.8972153086239727,0.3037476950685636,0.6788188449021608,0
-1.8913338779798705,0.3127306296739514,0.9749770304244825,0
-1.276516360672624,0.22051523732909617,-3.141592653589793,1
-1.2822527771780856,0.2167515616161957,-2.7676285117356043,1
-1.2879444648157894,0.21293790531008439,-2.3831343097304316,1
-1.2931692035571116,0.20942188367420878,-2.0238884834737942,1
-1.2982235230224606,0.205791251589027,-1.6488189435482454,1
-1.303543576954156,0.20247106740481557,-1.3000986418346387,1
-1.3090870770738552,0.19908467795698348,-0.9390256004656177,1
-1.3145915267137436,0.195475462031109,-0.5503313299029724,1
-1.31983150063637,0.19203739461908986,-0.17524903850569418,1
-1.3247178376499789,0.1889260091406877,0.16924027928418006,1
-1.3305116853862868,0.18549759011597144,0.5567773753078069,1
-1.33583002073102,0.18232433440354834,0.920339833557918,1
-1.341123240728579,0.17907341276428967,1.2965198227658457,1
-1.3464143087657943,0.17601773131763965,1.657926679563018,1
-1.3515457467211034,0.17298645026651016,2.0200765979006636,1
-1.3570705406716375,0.16963947097903853,2.423734012309125,1
-1.3625036688741168,0.16672613513757728,2.78781047714301,1
-1.3672983266683107,0.16387871696800582,3.141592653589793,1
-1.2953897795306013,0.2038540577401302,-1.4636502100059943,1
-1.3097613102723122,0.19105853767659386,-0.14683846989135096,1
-1.3245073212588463,0.1784521995224777,1.1801497472661957,1
-1.3391750584912614,0.166297878452355,2.4916079666401387,1
-1.3189467245419684,0.19898016225755022,-0.8982350635133387,1
-1.3489535527027605,0.1863459541878565,0.5785563339703823,1
-1.3773309315618671,0.1747797030129319,2.0582848420071382,1
-1.3049695187225605,0.19980216692027453,-1.027163164772964,1
-1.306793171739145,0.1970885159583382,-0.7499076097894903,1
-1.3090432797279432,0.19409461051420784,-0.4440933383991075,1
-1.3115376828207503,0.191353190966844,-0.16186607838419986,1
-1.3137656021711943,0.18844306262656252,0.13419570725322183,1
-1.3152008878310182,0.18570120431867831,0.4060239806224497,1
-1.3173426094726435,0.18300472560430903,0.6788188449021608,1
-1.3197588771024071,0.18008056581503062,0.9749770304244825,1
-2.3890544744582245,0.06251120548190414,-3.141592653589793,0
-2.3862856227654583,0.06376334353512814,-2.7676285117356043,0
-2.383367254652204,0.06505033291445228,-2.3831343097304316,0
-2.380592933743746,0.06626765555865832,-2.0238884834737942,0
-2.3775724299919947,0.0675008586435184,-1.6488189435482454,0
-2.374885131612368,0.06878531288386514,-1.3000986418346387,0
-2.3720891637971517,0.07015533720943434,-0.9390256004656177,0
-2.368932595063505,0.07158423948758896,-0.5503313299029724,0
-2.3658348989458777,0.07298643586802944,-0.17524903850569418,0
-2.362981592666179,0.074321128891365,0.16924027928418006,0
-2.3598265994647627,0.07592071474698203,0.5567773753078069,0
-2.3568066466606514,0.07743913988025408,0.920339833557918,0
-2.353588906453294,0.07900976816642169,1.2965198227658457,0
-2.3505336249398705,0.08060249761162597,1.657926679563018,0
-2.3473898392438293,0.08220496233601216,2.0200765979006636,0
-2.3437841960182,0.08399926578857331,2.423734012309125,0
-2.3406589087805716,0.08576367078735014,2.78781047714301,0
-2.337421015713897,0.0874151913280774,3.141592653589793,0
-2.374784777728378,0.06716364160672272,-1.4636502100059943,0
-2.3627739623312474,0.07102239937284738,-0.14683846989135096,0
-2.350043400681515,0.07524717997535335,1.1801497472661957,0
-2.336750121603196,0.07976392397015042,2.4916079666401387,0
-2.3741598984474273,0.07193636438247619,-0.8982350635133387,0
-2.3650612208272945,0.07934180606237318,0.5785563339703823,0
-2.3557693194246263,0.08715867622768325,2.0582848420071382,0
-2.372077720868481,0.06931422494481998,-1.027163164772964,0
-2.369277533244799,0.06991793714071903,-0.7499076097894903,0
-2.366202501712497,0.07062969438516609,-0.4440933383991075,0
-2.363432126884528,0.07137264316662684,-0.16186607838419986,0
-2.3603781431218773,0.07207733395911431,0.13419570725322183,0
-2.357361622266903,0.07259287791253843,0.4060239806224497,0
-2.3544847019324573,0.0732591345822371,0.6788188449021608,0
-2.3513401346940173,0.07400478035477143,0.9749770304244825,0
-2.4604048945538843,0.042342923232166374,-3.141592653589793,0
-2.4583081539037295,0.04226182279196378,-2.7676285117356043,0
-2.4562016484405342,0.04213023058133958,-2.3831343097304316,0
-2.4542522747766617,0.04197901140133631,-2.0238884834737942,0
-2.452343191464073,0.041727265996544194,-1.6488189435482454,0
-2.4503472004977778,0.04161041374754415,-1.3000986418346387,0
-2.4482512242545975,0.0414897145172457,-0.9390256004656177,0
-2.4461486908526995,0.041247442874622564,-0.5503313299029724,0
-2.4441379118006608,0.04098324487625726,-0.17524903850569418,0
-2.4422543150969993,0.040745312645104725,0.16924027928418006,0
-2.4400012137925087,0.04053689517654169,0.5567773753078069,0
-2.4379189051213435,0.040302488295643535,0.920339833557918,0
-2.435840500361718,0.03999415888817248,1.2965198227658457,0
-2.433738662948613,0.03973935012742391,1.657926679563018,0
-2.431695487005379,0.03942662975242728,2.0200765979006636,0
-2.429497722187599,0.0390074300385681,2.423734012309125,0
-2.427279068471556,0.038743827840956424,2.78781047714301,0
-2.4253526849044285,0.03833393267065999,3.141592653589793,0
-2.4532534588270822,0.04048857917053672,-1.4636502100059943,0
-2.4480752544625437,0.038564938728133935,-0.14683846989135096,0
-2.4430660139731994,0.03631939083329483,1.1801497472661957,0
-2.4384141862099904,0.033749164280776345,2.4916079666401387,0
-2.444644785852211,0.04353036885117856,-0.8982350635133387,0
-2.4323582760223017,0.045119333601623346,0.5785563339703823,0
-2.419564685827639,0.046685634799597864,2.0582848420071382,0
-2.4497631914715976,0.040921459246110015,-1.027163164772964,0
-2.449070534443668,0.04027716383348734,-0.7499076097894903,0
-2.4482556382731273,0.039591088065200175,-0.4440933383991075,0
-2.4473745961434044,0.039027239146740555,-0.16186607838419986,0
-2.446633986492865,0.03832306095697158,0.13419570725322183,0
-2.446238163053936,0.03751033448459484,0.4060239806224497,0
-2.4455911975133997,0.036833625425494176,0.6788188449021608,0
-2.4448865307110745,0.03609523374880297,0.9749770304244825,0
-2.246175835878274,0.09449452668174052,-3.141592653589793,0
-2.245420848634169,0.09563960054232057,-2.7676285117356043,0
-2.244534015401115,0.09684801264758924,-2.3831343097304316,0
-2.2436723221671753,0.09798641441485278,-2.0238884834737942,0
-2.2424912347844224,0.09926130715892079,-1.6488189435482454,0
-2.24192754150197,0.1002815058201354,-1.3000986418346387,0
-2.241421283836694,0.10131009219873599,-0.9390256004656177,0
-2.2405407347590023,0.10252122720239054,-0.5503313299029724,0
-2.2396728392107548,0.10369475033515041,-0.17524903850569418,0
-2.2389783573892355,0.1047375640234951,0.16924027928418006,0
-2.2385119958559434,0.10580235944801153,0.5567773753078069,0
-2.2380240491200625,0.10681360549431673,0.920339833557918,0
-2.237379175641378,0.10790386048804468,1.2965198227658457,0
-2.2370036224056182,0.1088626477259278,1.657926679563018,0
-2.2365185046785423,0.10985675216044521,2.0200765979006636,0
-2.2358471359805314,0.11100665297807,2.423734012309125,0
-2.2357445263144573,0.11185740653729148,2.78781047714301,0
-2.2352130070890497,0.1128355018893119,3.141592653589793,0
-2.237561927723068,0.10124857277166122,-1.4636502100059943,0
-2.2303651453066538,0.10684347669596406,-0.14683846989135096,0
-2.2232909368049816,0.11256174197330626,1.1801497472661957,0
-2.216389854008489,0.11830624287333213,2.4916079666401387,0
-2.248975294333457,0.09902199305928905,-0.8982350635133387,0
-2.254361332535073,0.10059146159667609,0.5785563339703823,0
-2.2598967174757782,0.10183961591706092,2.0582848420071382,0
-2.2392389314412346,0.1017907618313969,-1.027163164772964,0
-2.236773477529094,0.10325576846887641,-0.7499076097894903,0
-2.2342126415641235,0.10483720145274278,-0.4440933383991075,0
-2.232182674346221,0.10620050649962343,-0.16186607838419986,0
-2.2296740519083644,0.1077704489202076,0.13419570725322183,0
-2.2267648934322737,0.10943351017772196,0.4060239806224497,0
-2.2244518543865617,0.11091083362062903,0.6788188449021608,0
-2.221990093269282,0.11251234619202855,0.9749770304244825,0
-1.3178598516060862,0.07059621787141346,-3.141592653589793,1
-1.3228077961220484,0.06751504028522337,-2.7676285117356043,1
-1.3276996790434037,0.06438483821185992,-2.3831343097304316,1
-1.3321878876382487,0.061493061109594294,-2.0238884834737942,1
-1.336476942023408,0.058494368409269804,-1.6488189435482454,1
-1.3411106699367747,0.05576159919235346,-1.3000986418346387,1
-1.3459571687446652,0.05297251751484788,-0.9390256004656177,1
-1.3507129559038402,0.04998575732963584,-0.5503313299029724,1
-1.3552409267293357,0.047135233691073974,-0.17524903850569418,1
-1.3594863406484512,0.044554557583774024,0.16924027928418006,1
-1.3645817338673907,0.04171643216789622,0.5567773753078069,1
-1.3692537487022876,0.03908434909981562,0.920339833557918,1
-1.3738832615569756,0.03637952260880173,1.2965198227658457,1
-1.378556336777491,0.03384169116027236,1.657926679563018,1
-1.3830736531327117,0.031317243542291706,2.0200765979006636,1
-1.3879191587525326,0.0285213993865292,2.423734012309125,1
-1.392771271169057,0.026102264355813087,2.78781047714301,1
-1.396990962707712,0.023719405117266223,3.141592653589793,1
-1.3331377542851428,0.05677729406758658,-1.4636502100059943,1
-1.3447728111428654,0.046055136723541334,-0.14683846989135096,1
-1.3568560210310407,0.035411181875121045,1.1801497472661957,1
-1.3689854325661146,0.02507100764514192,2.4916079666401387,1
-1.3559604265646965,0.053110005666696214,-0.8982350635133387,1
-1.3835150054343812,0.04294752484401476,0.5785563339703823,1
-1.4096574777497297,0.033671013217202006,2.0582848420071382,1
-1.3419362199362312,0.053499314185888824,-1.027163164772964,1
-1.3431572948308623,0.051202123902580166,-0.7499076097894903,1
-1.3447482657258547,0.04866708207805237,-0.4440933383991075,1
-1.3466479363616344,0.046350256674523305,-0.16186607838419986,1
-1.3482387891708396,0.04387592128222373,0.13419570725322183,1
-1.3490640534211988,0.04152406887485682,0.4060239806224497,1
-1.3506195297622419,0.039222756974959694,0.6788188449021608,1
-1.3524030733830599,0.036723699854334324,0.9749770304244825,1
-2.520039059171123,-0.04382357567934925,-3.141592653589793,0
-2.5225106022146337,-0.044959282031623804,-2.7676285117356043,0
-2.5249940502454873,-0.04616375183838395,-2.3831343097304316,0
-2.527278265596368,-0.047279938845307345,-2.0238884834737942,0
-2.529576921786441,-0.04858331746123001,-1.6488189435482454,0
-2.5317965621767122,-0.04945020418495982,-1.3000986418346387,0
-2.5340812593591586,-0.05028145241774107,-0.9390256004656177,0
-2.5364449596238723,-0.05134577100022497,-0.5503313299029724,0
-2.538694516627715,-0.052356593630376924,-0.17524903850569418,0
-2.5407554246986583,-0.05320545422763523,0.16924027928418006,0
-2.5431014982136038,-0.053964709473595995,0.5567773753078069,0
-2.5452655521548113,-0.054687250302736246,0.920339833557918,0
-2.547453657035432,-0.055491897794850864,1.2965198227658457,0
-2.549570765114772,-0.05611848425293875,1.657926679563018,0
-2.5516491924422993,-0.056788835002774984,2.0200765979006636,0
-2.553916874244967,-0.05758505491489263,2.423734012309125,0
-2.5560142412998754,-0.05803267977901161,2.78781047714301,0
-2.5579630605422476,-0.05867370502313296,3.141592653589793,0
-2.529849662566238,-0.05179491856272378,-1.4636502100059943,0
-2.5372375479188145,-0.05765602444890883,-0.14683846989135096,0
-2.544523212429501,-0.06291944488553325,1.1801497472661957,0
-2.5515499306950993,-0.06758853447405322,2.4916079666401387,0
-2.535855515125613,-0.04598985580998338,-0.8982350635133387,0
-2.546200353700551,-0.04538324368588098,0.5785563339703823,0
-2.555993350495887,-0.04482511499255537,2.0582848420071382,0
-2.5330815731743557,-0.051424045956762754,-1.027163164772964,0
-2.5344430975594983,-0.053238030346650866,-0.7499076097894903,0
-2.535976659400378,-0.055107430554758086,-0.4440933383991075,0
-2.5374501785905164,-0.05660760486963268,-0.16186607838419986,0
-2.5389296726691013,-0.058361227726513754,0.13419570725322183,0
-2.5401921637038654,-0.06027464367313007,0.4060239806224497,0
-2.5415595381241314,-0.06182260309661247,0.6788188449021608,0
-2.5430513336815608,-0.06344039888495034,0.9749770304244825,0
-2.0062212963859745,0.03468880787176065,-3.141592653589793,0
-2.009514647334,0.035725195994251724,-2.7676285117356043,0
-2.01293226785619,0.0366879164466436,-2.3831343097304316,0
-2.016125270980543,0.037532350443184814,-2.0238884834737942,0
-2.0195538006875884,0.03823492226411229,-1.6488189435482454,0
-2.0225211746943588,0.039124081528389976,-1.3000986418346387,0
-2.0255544500661,0.0400452780996412,-0.9390256004656177,0
-2.028933230927012,0.04083375062735728,-0.5503313299029724,0
-2.0321857881699996,0.04155105222920241,-0.17524903850569418,0
-2.035123396560696,0.042228300724136414,0.16924027928418006,0
-2.038303226737422,0.043099607588217737,0.5567773753078069,0
-2.041293943184679,0.0438583333927145,0.920339833557918,0
-2.0444257117852347,0.0445466525206446,1.2965198227658457,0
-2.047339853506731,0.04528365003088153,1.657926679563018,0
-2.0502868867610795,0.045943233796744476,2.0200765979006636,0
-2.053602250977278,0.04658802951780627,2.423734012309125,0
-2.0564161917712145,0.04734960409387767,2.78781047714301,0
-2.059282066117433,0.04788076548778397,3.141592653589793,0
-2.022904232064851,0.03643519482650781,-1.4636502100059943,0
-2.0357694322500803,0.037384336485600134,-0.14683846989135096,0
-2.0483370850857074,0.03826042282316289,1.1801497472661957,0
-2.060425598279706,0.03900713315550153,2.4916079666401387,0
-2.0230214859239135,0.0439443993193942,-0.8982350635133387,0
-2.032803219732312,0.05074295317579125,0.5785563339703823,0
-2.0426345077147348,0.05679086288820878,2.0582848420071382,0
-2.0256839171256305,0.03870286901671793,-1.027163164772964,0
-2.028769568405071,0.03842020131722457,-0.7499076097894903,0
-2.032085804225085,0.03819627105579393,-0.4440933383991075,0
-2.035001227412417,0.03814903275859649,-0.16186607838419986,0
-2.038172156975354,0.037935780931523944,0.13419570725322183,0
-2.041272336042706,0.037490202504605996,0.4060239806224497,0
-2.0441474154686836,0.03731587370138856,0.6788188449021608,0
-2.047228219114799,0.03715512666333565,0.9749770304244825,0
-2.0260434723126948,0.0291941846086603,-3.141592653589793,0
-2.0299290450450007,0.028584560195355824,-2.7676285117356043,0
-2.033896791539986,0.027892860563988542,-2.3831343097304316,0
-2.0375723283766485,0.027228280608455613,-2.0238884834737942,0
-2.0414023276956526,0.026383699095597013,-1.6488189435482454,0
-2.0448777927105817,0.025887278578463402,-1.3000986418346387,0
-2.048437466123038,0.025409170545637405,-0.9390256004656177,0
-2.0522668027140734,0.024717389992200633,-0.5503313299029724,0
-2.0559292465866865,0.0240414049519746,-0.17524903850569418,0
-2.0592538541173457,0.023472000329527898,0.16924027928418006,0
-2.0629315739306895,0.022982640670805132,0.5567773753078069,0
-2.0663558479805157,0.022494109557340547,0.920339833557918,0
-2.069880941797032,0.021918977625346336,1.2965198227658457,0
-2.073216224952949,0.021476580804030032,1.657926679563018,0
-2.076540163216362,0.020979044441809425,2.0200765979006636,0
-2.0802239821303106,0.020362797705805846,2.423734012309125,0
-2.083473108396287,0.020025002070287456,2.78781047714301,0
-2.0866425035390233,0.01950355903156087,3.141592653589793,0
-2.0437243433942838,0.023665536728596503,-1.4636502100059943,0
-2.0571319102418517,0.019432297907493012,-0.14683846989135096,0
-2.070200183841801,0.01552726857747544,1.1801497472661957,0
-2.082715388654279,0.01193924868302565,2.4916079666401387,0
-2.0481325712492815,0.02933930381684169,-0.8982350635133387,0
-2.061799192975621,0.03076333422826716,0.5785563339703823,0
-2.0750864293651397,0.03180121212275022,2.0582848420071382,0
-2.0477998422780406,0.024326413890765064,-1.027163164772964,0
-2.0507239691577706,0.022912646247268853,-0.7499076097894903,0
-2.0539122448283953,0.021467893391812876,-0.4440933383991075,0
-2.056800674703044,0.0203270827587545,-0.16186607838419986,0
-2.059849746079082,0.018971119761093114,0.13419570725322183,0
-2.06269530890248,0.017466995086377057,0.4060239806224497,0
-2.065470771869477,0.016273009153756846,0.6788188449021608,0
-2.0684597200652766,0.01502616005702162,0.9749770304244825,0
-3.141592653589793,0.0,-3.141592653589793,0
-3.141592653589793,0.0,-2.7676285117356043,0
-3.141592653589793,0.0,-2.3831343097304316,0
-3.141592653589793,0.0,-2.0238884834737942,0
-3.141592653589793,0.0,-1.6488189435482454,0
-3.141592653589793,0.0,-1.3000986418346387,0
-3.141592653589793,0.0,-0.9390256004656177,0
-3.141592653589793,0.0,-0.5503313299029724,0
-3.141592653589793,0.0,-0.17524903850569418,0
-3.141592653589793,0.0,0.16924027928418006,0
-3.141592653589793,0.0,0.5567773753078069,0
-3.141592653589793,0.0,0.920339833557918,0
-3.141592653589793,0.0,1.2965198227658457,0
-3.141592653589793,0.0,1.657926679563018,0
-3.141592653589793,0.0,2.0200765979006636,0
-3.141592653589793,0.0,2.423734012309125,0
-3.141592653589793,0.0,2.78781047714301,0
-3.141592653589793,0.0,3.141592653589793,0
-3.141592653589793,0.0,-1.4636502100059943,0
-3.141592653589793,0.0,-0.14683846989135096,0
-3.141592653589793,0.0,1.1801497472661957,0
-3.141592653589793,0.0,2.4916079666401387,0
-3.141592653589793,0.0,-0.8982350635133387,0
-3.141592653589793,0.0,0.5785563339703823,0
-3.141592653589793,0.0,2.0582848420071382,0
-3.141592653589793,0.0,-1.027163164772964,0
-3.141592653589793,0.0,-0.7499076097894903,0
-3.141592653589793,0.0,-0.4440933383991075,0
-3.141592653589793,0.0,-0.16186607838419986,0
-3.141592653589793,0.0,0.13419570725322183,0
-3.141592653589793,0.0,0.4060239806224497,0
-3.141592653589793,0.0,0.6788188449021608,0
-3.141592653589793,0.0,0.9749770304244825,0
-1.320008143735992,-0.20094478049403985,-3.141592653589793,1
-1.3282298651774047,-0.19822443348720187,-2.7676285117356043,1
-1.336625173708981,-0.19565382331338332,-2.3831343097304316,1
-1.3443894771685037,-0.19337005017330133,-2.0238884834737942,1
-1.3525070790779552,-0.19136673457698805,-1.6488189435482454,1
-1.359770324029107,-0.18899728840874364,-1.3000986418346387,0
-1.367182807829674,-0.18654674253322945,-0.9390256004656177,1
-1.375192048762243,-0.18433658677824027,-0.5503313299029724,1
-1.3828372534389417,-0.18229239436032518,-0.17524903850569418,1
-1.3897474036489512,-0.18037603197233176,0.16924027928418006,1
-1.397331036697439,-0.17799968599242844,0.5567773753078069,1
-1.4043856013497542,-0.17589326345190504,0.920339833557918,1
-1.411652963040139,-0.1739099731436471,1.2965198227658457,1
-1.4184831177864532,-0.1718573218295898,1.657926679563018,1
-1.425292122145318,-0.16995950118149583,2.0200765979006636,1
-1.4328401681398737,-0.1680226919600658,2.423734012309125,1
-1.4394220804582514,-0.16593224650341876,2.78781047714301,1
-1.4458853744782314,-0.16430568084380814,3.141592653589793,1
-1.3581150479743191,-0.19494353150316712,-1.4636502100059943,1
-1.386711043781884,-0.19081842377213976,-0.14683846989135096,1
-1.4142619612773124,-0.18660494543560713,1.1801497472661957,1
-1.440374028983164,-0.18251638886572907,2.4916079666401387,1
-1.3653639685172139,-0.17832405007441654,-0.8982350635133387,1
-1.3927653373239957,-0.16255952500972537,0.5785563339703823,1
-1.419332619686914,-0.14879990147044753,2.0582848420071382,1
-1.3662204825729678,-0.18949518147951716,-1.027163164772964,1
-1.3726165190607624,-0.18966688180624036,-0.7499076097894903,1
-1.379545807141945,-0.18964434711980394,-0.4440933383991075,1
-1.385757697990783,-0.18927134464155193,-0.16186607838419986,1
-1.3923498587040686,-0.18919548378484663,0.13419570725322183,1
-1.3985658647906594,-0.18961145190679884,0.4060239806224497,1
-1.4045312784723936,-0.18945344307788314,0.6788188449021608,1
-1.4109310782096447,-0.18920488127882784,0.9749770304244825,1
-2.391987996520239,0.0619806572459809,-3.141592653589793,0
-2.390309724289737,0.06145166107129274,-2.7676285117356043,0
-2.3887170042977566,0.06082665837342116,-2.3831343097304316,0
-2.387299215609803,0.06019204962502167,-2.0238884834737942,0
-2.38609386973836,0.059389557408978,-1.6488189435482454,0
-2.384585716075579,0.05879433641540377,-1.3000986418346387,0
-2.383004248609165,0.058166186450927526,-0.9390256004656177,0
-2.3816302422003766,0.05732708374650697,-0.5503313299029724,0
-2.38037515329565,0.05646690082026984,-0.17524903850569418,0
-2.379186269103312,0.05567411780975329,0.16924027928418006,0
-2.3776402241514862,0.05484643933851263,0.5567773753078069,0
-2.3762861629104512,0.05400849624663673,0.920339833557918,0
-2.3750623053050397,0.05304846332440105,1.2965198227658457,0
-2.3737333086215138,0.052166293016387755,1.657926679563018,0
-2.3725519683916985,0.05120234188305117,2.0200765979006636,0
-2.3714191551128008,0.05003375215212058,2.423734012309125,0
-2.3700180216387174,0.04910200401769682,2.78781047714301,0
-2.3690969340950945,0.04801099046189661,3.141592653589793,0
-2.3889961875568786,0.05748347386846042,-1.4636502100059943,0
-2.3877775360785196,0.053325677462404464,-0.14683846989135096,0
-2.3871615115455063,0.04879580323022026,1.1801497472661957,0
-2.387266344631604,0.043987497645709084,2.4916079666401387,0
-2.376422918634683,0.06087620461980636,-0.8982350635133387,0
-2.3634373708167478,0.060766309160292575,0.5785563339703823,0
-2.3503748873215358,0.060109475531668455,2.0582848420071382,0
-2.3852645952257086,0.057520624780664775,-1.027163164772964,0
-2.385765241942361,0.05631239645486952,-0.7499076097894903,0
-2.3862228012485156,0.05502334412894916,-0.4440933383991075,0
-2.3864110314394105,0.053931722555280004,-0.16186607838419986,0
-2.3869444468643106,0.05265261897869733,0.13419570725322183,0
-2.3879400014620953,0.05128412372399849,0.4060239806224497,0
-2.3884876489823563,0.05009507276374414,0.6788188449021608,0
-2.3890760408350937,0.04881168787766832,0.9749770304244825,0
-2.142397533663739,0.3063359821777012,-3.141592653589793,0
-2.1443570870319557,0.3054047665590045,-2.7676285117356043,0
-2.146235892847123,0.30453975921774745,-2.3831343097304316,0
-2.147955090313114,0.3037433588033216,-2.0238884834737942,0
-2.1494171468980765,0.3031676089709139,-1.6488189435482454,0
-2.1514229404460097,0.3020835657893275,-1.3000986418346387,0
-2.1535852556487063,0.3008757479647417,-0.9390256004656177,0
-2.155518257054009,0.29988184001194895,-0.5503313299029724,0
-2.1573655413188937,0.29892011224881676,-0.17524903850569418,0
-2.1591795230696915,0.2979264717072536,0.16924027928418006,0
-2.16156612882089,0.29651168400028727,0.5567773753078069,0
-2.1637396738520547,0.29522383437796185,0.920339833557918,0
-2.1658296302136737,0.29400594542769865,1.2965198227658457,0
-2.168090387410327,0.2926188864311867,1.657926679563018,0
-2.1702306952950425,0.29131768053294094,2.0200765979006636,0
-2.1724723114165188,0.2899683822649233,2.423734012309125,0
-2.174996502102413,0.28833826525107487,2.78781047714301,0
-2.177000298399472,0.28710173482154433,3.141592653589793,0
-2.1449667887475,0.3071464822302379,-1.4636502100059943,0
-2.147068300579027,0.30741863185083496,-0.14683846989135096,0
-2.149914407456627,0.30683028135381063,1.1801497472661957,0
-2.153297177880252,0.3055263765295977,2.4916079666401387,0
-2.162722918449459,0.29348870992814424,-0.8982350635133387,0
-2.179275057066214,0.2823151999296698,0.5785563339703823,0
-2.195072126045746,0.27172869981010983,2.0582848420071382,0
-2.1503561019247948,0.3033917520160543,-1.027163164772964,0
-2.149637057246208,0.3044104889345971,-0.7499076097894903,0
-2.1490832103902924,0.3053243767197107,-0.4440933383991075,0
-2.14899773061944,0.30580452661697866,-0.16186607838419986,0
-2.148526864760494,0.30660953431588833,0.13419570725322183,0
-2.1474752683371685,0.3078478176194901,0.4060239806224497,0
-2.1471394353791955,0.3084850239508117,0.6788188449021608,0
-2.1468779971456806,0.3090780124917032,0.9749770304244825,1
-1.7524037417308178,-0.31305191467443105,-3.141592653589793,0
-1.755805464583685,-0.3099646320536098,-2.7676285117356043,0
-1.7594069321694596,-0.3068520672619699,-2.3831343097304316,0
-1.7628082193986105,-0.30399675180777086,-2.0238884834737942,0
-1.766588275356658,-0.3010860050633455,-1.6488189435482454,0
-1.7696914655842881,-0.29839191290596645,-1.3000986418346387,0
-1.7728582865695737,-0.2956422161733019,-0.9390256004656177,1
-1.7765344653869088,-0.2927579343007136,-0.5503313299029724,1
-1.7801022522335577,-0.2900271305909845,-0.17524903850569418,1
-1.7833091853951368,-0.2875545751742372,0.16924027928418006,1
-1.7866978067585808,-0.28479599852725146,0.5567773753078069,1
-1.7899248016238996,-0.28225726172067045,0.920339833557918,1
-1.7933724558080866,-0.27968809036015774,1.2965198227658457,1
-1.7965228168797747,-0.2772417654369286,1.657926679563018,1
-1.7997643553540188,-0.2748416762372705,2.0200765979006636,1
-1.8034745864830795,-0.27222728954551734,2.423734012309125,1
-1.8064916401279743,-0.26986560719946606,2.78781047714301,1
-1.8097197015282074,-0.26764993176341045,3.141592653589793,1
-1.771799959254147,-0.29993460965448504,-1.4636502100059943,0
-1.787077858216062,-0.2904442462868637,-0.14683846989135096,1
-1.8020956889035216,-0.2815033483452414,1.1801497472661957,1
-1.8166532651423437,-0.27323601587783886,2.4916079666401387,1
-1.7673406572415604,-0.2947140465326923,-0.8982350635133387,1
-1.7751294447945467,-0.28303750375504055,0.5785563339703823,1
-1.7834134417004548,-0.27182545361509414,2.0582848420071382,1
-1.7738389926469722,-0.29646705289048914,-1.027163164772964,1
-1.7778112279555374,-0.29452129682433403,-0.7499076097894903,1
-1.782036084470796,-0.29239699787407947,-0.4440933383991075,1
-1.7856627941889347,-0.29044568344579824,-0.16186607838419986,1
-1.789710156831165,-0.2884520412142164,0.13419570725322183,1
-1.7938157979410347,-0.28668260581579696,0.4060239806224497,1
-1.7974809603368926,-0.2848958468994969,0.6788188449021608,1
-1.801396059706902,-0.2829808986774851,0.9749770304244825,1
-1.208165829844054,0.040170248872927417,-3.141592653589793,0
-1.21727821168683,0.03586498776491309,-2.7676285117356043,1
-1.226417690276896,0.031457489412829,-2.3831343097304316,1
-1.2348090076463223,0.027411207558575956,-2.0238884834737942,1
-1.2432422686789133,0.02305805149457374,-1.6488189435482454,1
-1.251365145059712,0.019530443056465785,-1.3000986418346387,1
-1.2597102614211035,0.016021068646578485,-0.9390256004656177,1
-1.268333280485605,0.012068617695334627,-0.5503313299029724,1
-1.2765261849475724,0.008329749399647035,-0.17524903850569418,1
-1.2840183293183292,0.005049841683085088,0.16924027928418006,1
-1.2925273220938016,0.0016811321546290614,0.5567773753078069,1
-1.3003634701652993,-0.0014461703200763232,0.920339833557918,1
-1.308276385680674,-0.004715540022094178,1.2965198227658457,1
-1.3159153428050696,-0.007609012002371518,1.657926679563018,1
-1.323405077377564,-0.010527137158050426,2.0200765979006636,1
-1.3315664862600456,-0.013802806887593722,2.423734012309125,1
-1.339091680368951,-0.016334472913776654,2.78781047714301,1
-1.3460826475268142,-0.01905021139039098,3.141592653589793,1
-1.244308380858666,0.017413065636462388,-1.4636502100059943,1
-1.2714071905722062,0.0007602703698430524,-0.14683846989135096,1
-1.298017089193688,-0.014600541557814761,1.1801497472661957,1
-1.3235707248156834,-0.028560566358707185,2.4916079666401387,1
-1.2660939163066476,0.02155985764266166,-0.8982350635133387,1
-1.3035363071176798,0.013232474183549225,0.5785563339703823,1
-1.3386839872556051,0.0056455285511387565,2.0582848420071382,1
-1.2560945639230532,0.015029575559016184,-1.027163164772964,1
-1.2611012865551594,0.010731361110229543,-0.7499076097894903,1
-1.2667366759249872,0.006188961466998322,-0.4440933383991075,1
-1.2721412103590668,0.00232903144679808,-0.16186607838419986,1
-1.2775755567636846,-0.001954629824676868,0.13419570725322183,1
-1.282230687381669,-0.006305516321974292,0.4060239806224497,1
-1.287251464770942,-0.010130583735112886,0.6788188449021608,1
-1.292725221786972,-0.014177340652801629,0.9749770304244825,1
-2.489038914940969,-0.016378045301829847,-3.141592653589793,0
-2.4883419932898057,-0.017147654112277255,-2.7676285117356043,0
-2.487763223215207,-0.01794567424583038,-2.3831343097304316,0
-2.4872977088787054,-0.018695533294679212,-2.0238884834737942,0
-2.487079065522056,-0.01947935163991099,-1.6488189435482454,0
-2.486516040481294,-0.020214719766999067,-1.3000986418346387,0
-2.485923106328668,-0.020981258869983144,-0.9390256004656177,0
-2.4855993466542072,-0.021803195976529022,-0.5503313299029724,0
-2.4853580546267153,-0.02259577274566338,-0.17524903850569418,0
-2.48510764654248,-0.023325731429041152,0.16924027928418006,0
-2.4846416043770203,-0.02415689156563383,0.5567773753078069,0
-2.4842988877247243,-0.024935102942753584,0.920339833557918,0
-2.484109702858786,-0.025732909014763106,1.2965198227658457,0
-2.483795315754033,-0.026508266875894915,1.657926679563018,0
-2.4836192377904736,-0.027277233225882824,2.0200765979006636,0
-2.4835894001989414,-0.02812163833222847,2.423734012309125,0
-2.483232916387331,-0.028909063505842436,2.78781047714301,0
-2.4832750942401876,-0.029641678492934975,3.141592653589793,0
-2.4902594177065027,-0.019817224526365695,-1.4636502100059943,0
-2.492221038894255,-0.022403046610519173,-0.14683846989135096,0
-2.4946699255054683,-0.02487109387109543,1.1801497472661957,0
-2.497618312060299,-0.027142478496225753,2.4916079666401387,0
-2.4798660691923113,-0.021195400815026133,-0.8982350635133387,0
-2.471710437904237,-0.02477736167624789,0.5785563339703823,0
-2.46393225144522,-0.028716010645639667,2.0582848420071382,0
-2.4878176026439043,-0.020756396372309638,-1.027163164772964,0
-2.48895066652525,-0.021297694283651136,-0.7499076097894903,0
-2.4900998991346173,-0.021884064487411425,-0.4440933383991075,0
-2.490934954002031,-0.022421818604773325,-0.16186607838419986,0
-2.4921083324053326,-0.02296356602231775,0.13419570725322183,0
-2.493632811570871,-0.023428388860819993,0.4060239806224497,0
-2.494741004281563,-0.02390190225165112,0.6788188449021608,0
-2.4959267452445255,-0.024404637790145234,0.9749770304244825,0
-2.2242596337976996,0.10252471390922802,-3.141592653589793,0
-2.2231936230827096,0.10389242656748765,-2.7676285117356043,0
-2.2219788636605284,0.1053345984473868,-2.3831343097304316,0
-2.2208076037528692,0.10669458345048222,-2.0238884834737942,0
-2.21928215996678,0.10821096974921307,-1.6488189435482454,0
-2.218435727864825,0.10944340499892746,-1.3000986418346387,0
-2.2176425270563485,0.11069074075660135,-0.9390256004656177,0
-2.2164277249610427,0.11214937660486068,-0.5503313299029724,0
-2.2152351100987264,0.11356462536424816,-0.17524903850569418,0
-2.2142498978626577,0.114827791408457,0.16924027928418006,0
-2.2134817328130367,0.11613056322047788,0.5567773753078069,0
-2.21270709041728,0.11736773712674209,0.920339833557918,0
-2.2117542290344208,0.11869831036080125,1.2965198227658457,0
-2.2111038534684457,0.11987885551485755,1.657926679563018,0
-2.2103346634384193,0.12110030547336814,2.0200765979006636,0
-2.209335635545888,0.12251037733572057,2.423734012309125,1
-2.2089833537225103,0.1235729080397392,2.78781047714301,0
-2.2081710936184433,0.12477733841526728,3.141592653589793,0
-2.2138655756681755,0.1104411744284235,-1.4636502100059943,0
-2.2051722265085782,0.11705008543640938,-0.14683846989135096,0
-2.196542025924837,0.12386802163525257,1.1801497472661957,0
-2.1880521064640344,0.1307781991419339,2.4916079666401387,0
-2.225730866456301,0.10819596156198985,-0.8982350635133387,0
-2.23058627271233,0.11035136647589505,0.5785563339703823,0
-2.2356842373799686,0.11210890336918133,2.0582848420071382,0
-2.2153582066724287,0.11118732316594349,-1.027163164772964,0
-2.2125117288418896,0.11288915195705229,-0.7499076097894903,0
-2.2095365889984833,0.11473380900476826,-0.4440933383991075,0
-2.207145239837701,0.11633492400103762,-0.16186607838419986,0
-2.2042221753937907,0.11817370161023,0.13419570725322183,0
-2.200877139710896,0.12011268899130823,0.4060239806224497,0
-2.1981707455595503,0.12185107236669124,0.6788188449021608,0
-2.1952803414885476,0.12374101683490357,0.9749770304244825,0
-2.551255503059379,0.11026109481369861,-3.141592653589793,0
-2.5512063315667417,0.10941181092797292,-2.7676285117356043,0
-2.5510905242077038,0.1085643083049912,-2.3831343097304316,0
-2.55096290716266,0.10777359775338047,-2.0238884834737942,0
-2.5506664142068747,0.1070232896735499,-1.6488189435482454,0
-2.5507006861819255,0.1061553343748054,-1.3000986418346387,0
-2.550779559259494,0.10522719569725192,-0.9390256004656177,0
-2.5506701880520133,0.10431765283124461,-0.5503313299029724,0
-2.5505539261956636,0.10343493722907748,-0.17524903850569418,0
-2.5505053892943947,0.10258651128904273,0.16924027928418006,0
-2.550628816146671,0.10153634674663792,0.5567773753078069,0
-2.5507141472316994,0.10055834361980853,0.920339833557918,0
-2.5507217371321684,0.09957624494112283,1.2965198227658457,0
-2.5508649934679606,0.09856114372501557,1.657926679563018,0
-2.550945526672383,0.0975657275370252,2.0200765979006636,0
-2.5509603841823467,0.09648040854891482,2.423734012309125,0
-2.5512523035445454,0.09536965405147768,2.78781047714301,0
-2.551293472909203,0.09439022606512104,3.141592653589793,0
-2.5480068102011213,0.10795418343121721,-1.4636502100059943,0
-2.5452736743362427,0.10599649440225534,-0.14683846989135096,0
-2.542682054714314,0.10370571344028079,1.1801497472661957,0
-2.540226747086355,0.10114401459648814,2.4916079666401387,0
-2.5551777645621794,0.10290748484871814,-0.8982350635133387,0
-2.5596811439493647,0.0971729791425826,0.5785563339703823,0
-2.5641552603291187,0.09157508526237068,2.0582848420071382,0
-2.5494317071382584,0.10613320749130128,-1.027163164772964,0
-2.5483026273492086,0.10601485380902176,-0.7499076097894903,0
-2.5471553856262386,0.10581855386340822,-0.4440933383991075,0
-2.546292867972471,0.10552423518017573,-0.16186607838419986,0
-2.5451779177588763,0.10530598737786745,0.13419570725322183,0
-2.5438175625493997,0.10525752619104978,0.4060239806224497,0
-2.5428022705688664,0.10502064568391534,0.6788188449021608,0
-2.541734211995071,0.1047304744496853,0.9749770304244825,0
-1.6119417630478292,-0.41129392277257937,-3.141592653589793,0
-1.6164743857669428,-0.40644581918606537,-2.7676285117356043,0
-1.6212239463100888,-0.40162789948910405,-2.3831343097304316,1
-1.625682918172946,-0.3972465028283305,-2.0238884834737942,0
-1.6305549656867875,-0.3928957779107587,-1.6488189435482454,1
-1.6346517231419957,-0.38872315462152285,-1.3000986418346387,0
-1.638832829271506,-0.3844670443384146,-0.9390256004656177,1
-1.6435883076690365,-0.3801292148733677,-0.5503313299029724,1
-1.648181705447986,-0.376051041511106,-0.17524903850569418,1
-1.6523162845401296,-0.3723492476024992,0.16924027928418006,1
-1.6567320093906432,-0.36815606764623476,0.5567773753078069,1
-1.660908904580768,-0.36433368391032284,0.920339833557918,1
-1.6653254378844187,-0.3605237904705465,1.2965198227658457,1
-1.6693929522099773,-0.35685362387768516,1.657926679563018,1
-1.6735405231799456,-0.35329960074839484,2.0200765979006636,1
-1.6782449364758603,-0.34948126518721256,2.423734012309125,1
-1.6821466315500329,-0.3459309263763424,2.78781047714301,1
-1.6862205853751642,-0.3427170171880616,3.141592653589793,1
-1.636359653552635,-0.39252488059600754,-1.4636502100059943,0
-1.655317915533122,-0.37922989523326534,-0.14683846989135096,1
-1.6738228137756583,-0.36676635355475984,1.1801497472661957,1
-1.6916260411059607,-0.3553180362112336,2.4916079666401387,1
-1.633374406904375,-0.3806963021162395,-0.8982350635133387,1
-1.6452443965715895,-0.36096659398613884,0.5785563339703823,1
-1.657497389014878,-0.3425924477233129,2.0582848420071382,1
-1.639592271965888,-0.38643069928586105,-1.027163164772964,1
-1.64435585640566,-0.3840177777279994,-0.7499076097894903,1
-1.6494390912396384,-0.38132701532577595,-0.4440933383991075,1
-1.6538428850735163,-0.37875441867699244,-0.16186607838419986,1
-1.658697946668108,-0.37622824430298696,0.13419570725322183,1
-1.6635411685758068,-0.37414177638151713,0.4060239806224497,1
-1.667930463988372,-0.37186277374179966,0.6788188449021608,1
-1.6726204744564528,-0.3694028542465997,0.9749770304244825,1
-2.3584667915577944,0.15648327232213566,-3.141592653589793,0
-2.3597385322290156,0.15599415794979787,-2.7676285117356043,0
-2.360974038828256,0.15552939737867888,-2.3831343097304316,0
-2.362101923025408,0.1551067499464911,-2.0238884834737942,0
-2.3631194383787157,0.15475516573420833,-1.6488189435482454,0
-2.3643467351614786,0.1542598822008543,-1.3000986418346387,0
-2.3656475288947822,0.15372627155319574,-0.9390256004656177,0
-2.3668597058716037,0.1532577131112971,-0.5503313299029724,0
-2.3680113937249017,0.1528121264513307,-0.17524903850569418,0
-2.36911418641847,0.15237344563524458,0.16924027928418006,0
-2.370503724992743,0.15179030276464145,0.5567773753078069,0
-2.371769713893525,0.15126189601699425,0.920339833557918,0
-2.3729987849183787,0.1507585170577661,1.2965198227658457,0
-2.374288619910005,0.15020933312297968,1.657926679563018,0
-2.3755166405186414,0.14969320649518503,2.0200765979006636,0
-2.3768105249539015,0.14915731374980412,2.423734012309125,0
-2.3782045371612144,0.14854194053239045,2.78781047714301,0
-2.3793439237760046,0.14806381101856214,3.141592653589793,0
-2.361298711351574,0.1559423636839612,-1.4636502100059943,0
-2.3633875636155004,0.15552351110809592,-0.14683846989135096,0
-2.365666778174085,0.15493559313598304,1.1801497472661957,0
-2.368028412623479,0.1542296282627964,2.4916079666401387,0
-2.369836167574995,0.15131883558192039,-0.8982350635133387,0
-2.3786993645267476,0.14710493904598332,0.5785563339703823,0
-2.38721272680829,0.1430996171495198,2.0582848420071382,0
-2.3641131928240218,0.15456747088563727,-1.027163164772964,0
-2.364033875899585,0.15478462843776253,-0.7499076097894903,0
-2.364046272362433,0.15496221113544273,-0.4440933383991075,0
-2.364241614327419,0.15501529582054197,-0.16186607838419986,0
-2.364267402942556,0.15517222786510354,0.13419570725322183,0
-2.3640056722578278,0.1554798568836766,0.4060239806224497,0
-2.3640591965937237,0.15560077253328863,0.6788188449021608,0
-2.3641554958740514,0.1557062446221944,0.9749770304244825,0
-2.409840908954048,0.09406978834067514,-3.141592653589793,0
-2.407527608717241,0.09541713527196283,-2.7676285117356043,0
-2.4050749400271396,0.09682278114632004,-2.3831343097304316,0
-2.402740332781136,0.0981574446350697,-2.0238884834737942,0
-2.400158251095392,0.09956981892424377,-1.6488189435482454,0
-2.397941767534589,0.10091369025278496,-1.3000986418346387,0
-2.395650022562085,0.10232749460728385,-0.9390256004656177,0
-2.3930111809293813,0.10387169184278289,-0.5503313299029724,0
-2.3904210781006348,0.10538876123433161,-0.17524903850569418,0
-2.3880537290823827,0.10680643197454787,0.16924027928418006,0
-2.3854897861878452,0.10842839492033773,0.5567773753078069,0
-2.383029778171444,0.10997579567556848,0.920339833557918,0
-2.3803876166892914,0.11160536207016936,1.2965198227658457,0
-2.3779230491953562,0.11319553803113935,1.657926679563018,0
-2.375370811993434,0.11481712798275368,2.0200765979006636,0
-2.3724239882734928,0.11666034161807559,2.423734012309125,0
-2.369961775421698,0.11834187041337652,2.78781047714301,0
-2.3673325932399507,0.12001436462060422,3.141592653589793,0
-2.3971354236710694,0.10020245489874258,-1.4636502100059943,0
-2.3864015389127684,0.10542417182919817,-0.14683846989135096,0
-2.3750672435145423,0.11110861451312504,1.1801497472661957,0
-2.363259923323156,0.1171897036660341,2.4916079666401387,0
-2.398562226609708,0.10253632315444428,-0.8982350635133387,0
-2.3924007337995787,0.10834967859289835,0.5785563339703823,0
-2.386235336468254,0.1142802054280927,2.0582848420071382,0
-2.39527297243362,0.10195216688596354,-1.027163164772964,0
-2.392643071289238,0.10302905653490235,-0.7499076097894903,0
-2.38977508187158,0.10424087333944776,-0.4440933383991075,0
-2.387234465616313,0.10538403038141686,-0.16186607838419986,0
-2.3843829114970916,0.1066006593196831,0.13419570725322183,0
-2.3814864587803406,0.1077314909780096,0.4060239806224497,0
-2.3787989610067823,0.10889343738309876,0.6788188449021608,0
-2.375867773705904,0.11017883432317399,0.9749770304244825,0
-1.231120257771441,0.22731483192912538,-3.141592653589793,1
-1.2377724904096374,0.22307384222913829,-2.7676285117356043,1
-1.244393398512798,0.2187735309630976,-2.3831343097304316,1
-1.2504725548226512,0.21481427650257778,-2.0238884834737942,1
-1.2564182981043843,0.2107038698656627,-1.6488189435482454,1
-1.2625253982348357,0.20701268720058996,-1.3000986418346387,1
-1.268865157790577,0.20326359093941582,-0.9390256004656177,1
-1.2752296334543676,0.19924039017092188,-0.5503313299029724,1
-1.2812860417473706,0.19541475326093538,-0.17524903850569418,1
-1.2869039531372348,0.19197026318914423,0.16924027928418006,1
-1.293487969039304,0.18821352640973776,0.5567773753078069,1
-1.2995370871252556,0.18473788672736413,0.920339833557918,1
-1.3055817913823344,0.18117041619319663,1.2965198227658457,1
-1.3115673359465714,0.17784617917622247,1.657926679563018,1
-1.3173895704301066,0.17454404299103032,2.0200765979006636,1
-1.3236791680385631,0.17089305680725841,2.423734012309125,1
-1.329757695846793,0.1677648376578622,2.78781047714301,1
-1.3351968124465907,0.16467410516933123,3.141592653589793,1
-1.2542587040795015,0.20803223169623797,-1.4636502100059943,1
-1.271841630783545,0.19337274279767946,-0.14683846989135096,1
-1.2896739225892222,0.17911429167042225,1.1801497472661957,1
-1.3072504011821366,0.16552712996778185,2.4916079666401387,1
-1.2784138349595973,0.20395763940917666,-0.8982350635133387,1
-1.3110977209368508,0.19068669905826408,0.5785563339703823,1
-1.3419100035705418,0.17858262466765673,2.0582848420071382,1
-1.2646828928139193,0.20380692685453194,-1.027163164772964,1
-1.2672334929038622,0.20058765342375606,-0.7499076097894903,1
-1.2702732253347002,0.19706538223315784,-0.4440933383991075,1
-1.2734720854715225,0.19388472779181498,-0.16186607838419986,1
-1.276458625435298,0.19048176149164542,0.13419570725322183,1
-1.2786275351976837,0.18722933023771304,0.4060239806224497,1
-1.2814625597794491,0.18409874447840968,0.6788188449021608,1
-1.2846238842710853,0.18071994760436771,0.9749770304244825,1
-2.4949970159257804,0.06375016837460334,-3.141592653589793,0
-2.496819583910849,0.061099449288112506,-2.7676285117356043,0
-2.4986147634806968,0.05839031835072506,-2.3831343097304316,0
-2.500261157684764,0.055878876663990606,-2.0238884834737942,0
-2.5018150260943095,0.05324168221910597,-1.6488189435482454,0
-2.5035393026424497,0.05088481713527271,-1.3000986418346387,0
-2.5053490008347348,0.04848344446913133,-0.9390256004656177,0
-2.507104519052316,0.045874089759733394,-0.5503313299029724,0
-2.5087764631246428,0.04337722012136824,-0.17524903850569418,0
-2.5103523079971524,0.04112336718406029,0.16924027928418006,0
-2.5122645213715487,0.03867370799318337,0.5567773753078069,0
-2.514015694838962,0.03639407502297809,0.920339833557918,0
-2.51574400115266,0.03403385750123178,1.2965198227658457,0
-2.517503059827378,0.03184296551826815,1.657926679563018,0
-2.5191984295835708,0.02964995193950637,2.0200765979006636,0
-2.5210111285793144,0.02720443698746422,2.423734012309125,0
-2.5228527099975833,0.02514183420738103,2.78781047714301,0
-2.5244352291004573,0.023060182556392306,3.141592653589793,0
-2.5002525662446815,0.05130626294362273,-1.4636502100059943,0
-2.5042912482337236,0.04148470134811921,-0.14683846989135096,0
-2.508569243923482,0.03165225477544853,1.1801497472661957,0
-2.51292791099564,0.022023662554613743,2.4916079666401387,0
-2.509575597519908,0.04936387123574493,-0.8982350635133387,0
-2.520267071594333,0.041398206148670624,0.5785563339703823,0
-2.5303789990715697,0.03422290794582272,2.0582848420071382,0
-2.503696404056206,0.0487067332185096,-1.027163164772964,0
-2.5040213659328407,0.0465145329001202,-0.7499076097894903,0
-2.5044866990833734,0.04410399637259799,-0.4440933383991075,0
-2.505102975807869,0.04192686705161419,-0.16186607838419986,0
-2.505580399682522,0.03955929334704855,0.13419570725322183,0
-2.5057495101763623,0.03724566610954527,0.4060239806224497,0
-2.5062323363546386,0.03503269624688521,0.6788188449021608,0
-2.5067996771758745,0.03262856182667839,0.9749770304244825,0
-1.3582005475326082,0.17182041605772014,-3.141592653589793,0
-1.3613878191421762,0.16963164972888123,-2.7676285117356043,0
-1.3644910151644667,0.16741738553399443,-2.3831343097304316,0
-1.367326779700874,0.16536718814889984,-2.0238884834737942,1
-1.3699022954001336,0.16328316550571698,-1.6488189435482454,0
-1.372974440903834,0.16127384422846403,-1.3000986418346387,1
-1.3762271787531495,0.15919881073944442,-0.9390256004656177,0
-1.379276245806489,0.15702804864897812,-0.5503313299029724,1
-1.3821753459813781,0.15494861519915304,-0.17524903850569418,0
-1.3849460878391795,0.1530379965170443,0.16924027928418006,1
-1.3884196951061887,0.15086951624557532,0.5567773753078069,1
-1.3915876624736105,0.14885796603931523,0.920339833557918,1
-1.3946715601905766,0.14680619608899503,1.2965198227658457,1
-1.3978944460119318,0.14482865025176261,1.657926679563018,1
-1.400969220871164,0.14287210099446845,2.0200765979006636,1
-1.4042171012591205,0.14071778568176452,2.423734012309125,1
-1.40768685080095,0.13875752202718683,2.78781047714301,1
-1.4105449084890072,0.13689518064529294,3.141592653589793,1
-1.3655819223237637,0.16290235140280274,-1.4636502100059943,0
-1.3710900321277457,0.15586199346837848,-0.14683846989135096,1
-1.377090982102538,0.14865930925908621,1.1801497472661957,1
-1.383311722649053,0.14146890363457354,2.4916079666401387,1
-1.3863090012313803,0.1578874294716659,-0.8982350635133387,1
-1.4080564482023894,0.14895708810051644,0.5785563339703823,1
-1.4288980567309881,0.14063005543974816,2.0582848420071382,1
-1.372507256613882,0.16002567151226987,-1.027163164772964,1
-1.3724156513466224,0.15869874884456836,-0.7499076097894903,0
-1.3725580269133133,0.15719315871503525,-0.4440933383991075,0
-1.373133797318505,0.15574776816502878,-0.16186607838419986,1
-1.3733107441892534,0.15425867660203751,0.13419570725322183,1
-1.3727920927782602,0.1529335618819503,0.4060239806224497,1
-1.3730325337479332,0.15152479873443214,0.6788188449021608,1
-1.3733880447283942,0.14997419290184233,0.9749770304244825,1
-2.0241893891585336,0.05971050983288562,-3.141592653589793,0
-2.028081263570722,0.058607172894431514,-2.7676285117356043,0
-2.032038616933959,0.05742906438525619,-2.3831343097304316,0
-2.03569777926041,0.056323547542104,-2.0238884834737942,0
-2.0394762478329924,0.05504857464595414,-1.6488189435482454,0
-2.0429619383074096,0.05412574426256622,-1.3000986418346387,0
-2.046537204020636,0.05321190047757174,-0.9390256004656177,0
-2.0503434802729634,0.052083758677712755,-0.5503313299029724,0
-2.053979334033663,0.05099796069088347,-0.17524903850569418,0
-2.057288100458085,0.050054711565400645,0.16924027928418006,0
-2.060977098531753,0.0491369687005645,0.5567773753078069,0
-2.0644034989105555,0.0482593961012352,0.920339833557918,0
-2.06791401846063,0.047298886492977754,1.2965198227658457,0
-2.071256102820647,0.04648236008024176,1.657926679563018,0
-2.0745735518747197,0.045624270967335345,2.0200765979006636,1
-2.0782350297535723,0.04462226566579597,2.423734012309125,0
-2.081507188670255,0.043921104887123086,2.78781047714301,0
-2.0846571078494693,0.04307484415167284,3.141592653589793,1
-2.0412907594621443,0.052401053859076896,-1.4636502100059943,0
-2.054233320146752,0.04687618422296547,-0.14683846989135096,0
-2.066882237908799,0.0417235824818607,1.1801497472661957,0
-2.0790158158713123,0.03696035132750586,2.4916079666401387,0
-2.047072706319848,0.056589219198430296,-0.8982350635133387,0
-2.0614897043859868,0.055920291900795505,0.5785563339703823,0
-2.0754097801443137,0.055072678288745625,2.0582848420071382,0
-2.0456450709392957,0.05238007214997609,-1.027163164772964,0
-2.048361903458526,0.05075890566454122,-0.7499076097894903,0
-2.0513446516192024,0.04907401723447613,-0.4440933383991075,0
-2.054082508371671,0.0476923782084695,-0.16186607838419986,0
-2.0569398206275555,0.04610404260781298,0.13419570725322183,0
-2.0595553945944607,0.04441536414028935,0.4060239806224497,0
-2.062164442734467,0.043004350433866634,0.6788188449021608,0
-2.06498210829655,0.041519099756179845,0.9749770304244825,0
-2.156132650419766,0.11922222091138401,-3.141592653589793,0
-2.1537895715603366,0.12145709016415207,-2.7676285117356043,0
-2.1512299097962186,0.12381066926254247,-2.3831343097304316,0
-2.148784123913476,0.1260410897189388,-2.0238884834737942,0
-2.145857243983407,0.12849360297090273,-1.6488189435482454,0
-2.143807696531706,0.13059905483295786,-1.3000986418346387,0
-2.141778951691415,0.13276125688863383,-0.9390256004656177,0
-2.139149666729076,0.1352366019059419,-0.5503313299029724,0
-2.1365758336636453,0.1376537337613919,-0.17524903850569418,0
-2.134336940801014,0.1398476748578763,0.16924027928418006,0
-2.1322290643778534,0.14219216976157112,0.5567773753078069,0
-2.1301795377264288,0.1444232172089892,0.920339833557918,0
-2.1278637646336334,0.14680831270137817,1.2965198227658457,0
-2.125965206687335,0.1489926318669439,1.657926679563018,0
-2.1239105818451303,0.15124214278825576,2.0200765979006636,0
-2.121434028167725,0.15382781291178604,2.423734012309125,0
-2.1198965668341456,0.1559018770546392,2.78781047714301,0
-2.117798237742099,0.15815249778360174,3.141592653589793,0
-2.138819705837902,0.131330272202979,-1.4636502100059943,0
-2.124169987807151,0.14175391772749713,-0.14683846989135096,0
-2.1091611116837203,0.1529165999219546,1.1801497472661957,0
-2.093964984861427,0.16465246280456336,2.4916079666401387,0
-2.151427346809877,0.1300311593812431,-0.8982350635133387,0
-2.1532870846110232,0.13527357917728722,0.5785563339703823,0
-2.1557682593880116,0.13985296148592452,2.0582848420071382,0
-2.1392857861177483,0.13312673597069047,-1.027163164772964,0
-2.134999939601293,0.1356456311710441,-0.7499076097894903,0
-2.1304394779114606,0.13841994440229,-0.4440933383991075,0
-2.1266347672132815,0.14089332709273306,-0.16186607838419986,0
-2.1221064828263234,0.14370246199306802,0.13419570725322183,0
-2.1171011789583702,0.14660793131691996,0.4060239806224497,0
-2.112850262207088,0.14931084586680887,0.6788188449021608,0
-2.108261718251994,0.15228259066396843,0.9749770304244825,1
-2.3703943308235464,0.0809587756986705,-3.141592653589793,0
-2.3711380834796603,0.08126280189424628,-2.7676285117356043,0
-2.371831162862089,0.0815976561859948,-2.3831343097304316,0
-2.3724546802930386,0.08191452811022248,-2.0238884834737942,0
-2.3729380567101,0.0823079639757931,-1.6488189435482454,0
-2.373693262223508,0.08254381704651648,-1.3000986418346387,0
-2.3745125596328003,0.08276684103549581,-0.9390256004656177,0
-2.3751963841615398,0.08308213591669933,-0.5503313299029724,0
-2.37584102742664,0.08338692459997876,-0.17524903850569418,0
-2.376485938713125,0.08363990061076132,0.16924027928418006,0
-2.3773791276643705,0.08384848128766231,0.5567773753078069,0
-2.3781812054364844,0.0840531972633003,0.920339833557918,0
-2.378927299061914,0.0842944217877104,1.2965198227658457,0
-2.3797691142767694,0.08446784929802309,1.657926679563018,0
-2.380546375470648,0.08466417815205274,2.0200765979006636,0
-2.381335027863855,0.084909823531222,2.423734012309125,0
-2.3823042081357304,0.0850156242670681,2.78781047714301,0
-2.3830108206354144,0.08521377298965671,3.141592653589793,0
-2.370675890534936,0.08352798479621626,-1.4636502100059943,0
-2.370749252040506,0.08556464572403,-0.14683846989135096,0
-2.3710103121325545,0.08750203002093926,1.1801497472661957,0
-2.371389827633804,0.08932614658211113,2.4916079666401387,0
-2.3789643055288,0.08101087150580666,-0.8982350635133387,0
-2.3862774213904743,0.08021059349116211,0.5785563339703823,0
-2.393363095086188,0.07939034634974229,2.0582848420071382,0
-2.372997542520211,0.08325464458688447,-1.027163164772964,0
-2.372457032791191,0.08390993153666182,-0.7499076097894903,0
-2.3719650279743476,0.08459061783772803,-0.4440933383991075,0
-2.371708381453857,0.08513643436041907,-0.16186607838419986,0
-2.3712404228794153,0.08579302078108153,0.13419570725322183,0
-2.3704931414729282,0.08653227305913314,0.4060239806224497,0
-2.3700870988600062,0.08712868978954447,0.6788188449021608,0
-2.3696851402319745,0.08775995674266568,0.9749770304244825,0
-1.2717816254342895,-0.1254832819523677,-3.141592653589793,0
-1.2807346343044914,-0.12434058342220133,-2.7676285117356043,1
-1.2898324263196388,-0.12335211122919842,-2.3831343097304316,1
-1.2982245896402715,-0.12250549517634113,-2.0238884834737942,1
-1.3069201743348486,-0.12198099703290399,-1.6488189435482454,1
-1.3148096037514438,-0.120906598842907,-1.3000986418346387,1
-1.3228645517031437,-0.1197551215665631,-0.9390256004656177,1
-1.3314793672966518,-0.11892768961199573,-0.5503313299029724,1
-1.339686600323177,-0.11818035892695677,-0.17524903850569418,1
-1.347115484082815,-0.11741590679745517,0.16924027928418006,1
-1.3553189997817978,-0.11627979234381591,0.5567773753078069,1
-1.3629272746372973,-0.11530848303393659,0.920339833557918,1
-1.3707259073991147,-0.11447696021387488,1.2965198227658457,1
-1.3780900173860242,-0.11348704674205345,1.657926679563018,1
-1.3853999788527098,-0.11263330020884821,2.0200765979006636,1
-1.3934679606639457,-0.11183622306906127,2.423734012309125,1
-1.4005800647835687,-0.11071886034574652,2.78781047714301,1
-1.4074782135665072,-0.11003767567225076,3.141592653589793,1
-1.3119622384994616,-0.1266241743055767,-1.4636502100059943,1
-1.3419840741297413,-0.12750260919294965,-0.14683846989135096,1
-1.3709116215887058,-0.12782578994421456,1.1801497472661957,1
-1.3983096910999382,-0.1277902961507178,2.4916079666401387,1
-1.322614287245036,-0.11117954864109247,-0.8982350635133387,1
-1.353703721083706,-0.10008490055080799,0.5785563339703823,1
-1.3835271752761529,-0.09062176124768984,2.0582848420071382,1
-1.3213070122080766,-0.12256357227780423,-1.027163164772964,1
-1.3278103876652583,-0.12387076686828857,-0.7499076097894903,1
-1.3348940029157659,-0.12506272406778995,-0.4440933383991075,1
-1.3413104829372995,-0.12576026122592143,-0.16186607838419986,1
-1.3480554045957116,-0.12681380902099804,0.13419570725322183,1
-1.354318953525552,-0.1282950200459232,0.4060239806224497,1
-1.3604360594195333,-0.1291368463910052,0.6788188449021608,1
-1.3670118260120545,-0.1299473784354115,0.9749770304244825,1
-1.4266573240212084,0.17394613759953748,-3.141592653589793,0
-1.4289235326848064,0.17255822739620053,-2.7676285117356043,0
-1.4310942400058768,0.17116818543637713,-2.3831343097304316,1
-1.4330667536297175,0.16988263982698193,-2.0238884834737942,0
-1.4347621434651663,0.16861794609037206,-1.6488189435482454,1
-1.4369923039520656,0.16730574034063128,-1.3000986418346387,0
-1.439376823886948,0.165934901251636,-0.9390256004656177,1
-1.4415145735793864,0.16454928921968026,-0.5503313299029724,0
-1.4435410377416857,0.1632207450601988,-0.17524903850569418,1
-1.4455115381916153,0.16198044383679555,0.16924027928418006,1
-1.4480806984281203,0.16052029915460153,0.5567773753078069,0
-1.4504096218929075,0.15916997618181483,0.920339833557918,1
-1.4526367568154759,0.15781013208139028,1.2965198227658457,1
-1.4550367814490393,0.1564595098882684,1.657926679563018,0
-1.4572967852835756,0.15513605503417205,2.0200765979006636,0
-1.459646765180108,0.15369418260918488,2.423734012309125,0
-1.4623048443988558,0.1523052426376963,2.78781047714301,1
-1.464388064874741,0.151044476524409,3.141592653589793,1
-1.4302313894593706,0.1691099251068251,-1.4636502100059943,0
-1.432739423811979,0.16526510212067747,-0.14683846989135096,1
-1.4356831214696435,0.16120745058121777,1.1801497472661957,1
-1.4388624569450021,0.15705282237256002,2.4916079666401387,1
-1.4489907599602254,0.16387893107563256,-0.8982350635133387,1
-1.4670799082754682,0.15684329315856926,0.5785563339703823,1
-1.4845184013264907,0.15019424678461268,2.0582848420071382,0
-1.4359780387057437,0.16684443080772837,-1.027163164772964,1
-1.435309306233133,0.1662903905016231,-0.7499076097894903,1
-1.4347997619658162,0.1656213463602314,-0.4440933383991075,0
-1.4347545520312353,0.16491001048845444,-0.16186607838419986,0
-1.4342878922232996,0.16423588144358758,0.13419570725322183,0
-1.4331899683376668,0.16373374769960458,0.4060239806224497,0
-1.4328229929890035,0.16307871496962978,0.6788188449021608,1
-1.4325112722034616,0.16234057380772482,0.9749770304244825,1
-1.2000768928900793,-0.030885694538001385,-3.141592653589793,1
-1.2096828723489481,-0.0342186206572741,-2.7676285117356043,1
-1.2193455056172398,-0.03767693194060584,-2.3831343097304316,1
-1.2282214495395052,-0.04085918745920436,-2.0238884834737942,1
-1.2372167474589038,-0.04439909351480287,-1.6488189435482454,1
-1.2457201186983542,-0.04703770211219371,-1.3000986418346387,1
-1.2544330536651076,-0.04962475369937058,-0.9390256004656177,1
-1.2635206875183682,-0.052685343020702824,-0.5503313299029724,1
-1.2721549666506307,-0.055581053026311444,-0.17524903850569418,1
-1.2800206801985548,-0.05807502905311024,0.16924027928418006,1
-1.2888734041567602,-0.06050782422142387,0.5567773753078069,1
-1.2970367129036193,-0.06278593907895225,0.920339833557918,1
-1.305310501562615,-0.06522125263894196,1.2965198227658457,1
-1.313240276390565,-0.06728210068669327,1.657926679563018,1
-1.3210380930190824,-0.06940238241787933,2.0200765979006636,1
-1.329561547481625,-0.0718286873694618,2.423734012309125,1
-1.3373121445859995,-0.07352530077155617,2.78781047714301,1
-1.3445995417537926,-0.07551621954738241,3.141592653589793,1
-1.2396055674677033,-0.050778066491852236,-1.4636502100059943,1
-1.2691254403051986,-0.0651294099363966,-0.14683846989135096,1
-1.2978683130491548,-0.07802931035817151,1.1801497472661957,1
-1.3252866647280996,-0.08949048842121776,2.4916079666401387,1
-1.2590831165929832,-0.042052882623869525,-0.8982350635133387,1
-1.2965123493403872,-0.045408835751812315,0.5785563339703823,1
-1.3317433117060447,-0.048639615679307635,2.0582848420071382,1
-1.2512706851921884,-0.05141652584207357,-1.027163164772964,1
-1.2570270923119504,-0.05549555222548497,-0.7499076097894903,1
-1.2634295891627434,-0.059731055879902684,-0.4440933383991075,1
-1.269447476522487,-0.06321274131253674,-0.16186607838419986,1
-1.2755903708694272,-0.06716294933362033,0.13419570725322183,1
-1.2810075134993102,-0.071307959369459,0.4060239806224497,1
-1.2866435757675305,-0.07478362166055197,0.6788188449021608,1
-1.2927561811918191,-0.07842353401691371,0.9749770304244825,1
-2.101047419483077,0.23484610822472884,-3.141592653589793,0
-2.1036988027722705,0.2334328723896224,-2.7676285117356043,0
-2.1063553320310406,0.23200088398729246,-2.3831343097304316,0
-2.1088015137306972,0.23067886154678474,-2.0238884834737942,0
-2.1112296020930543,0.22932191760666676,-1.6488189435482454,0
-2.113660406508327,0.2280573941427071,-1.3000986418346387,0
-2.1161802064966313,0.22676044221030978,-0.9390256004656177,0
-2.1187484043435045,0.2253886461935677,-0.5503313299029724,0
-2.1211971592871386,0.22407959597602423,-0.17524903850569418,0
-2.123460897269426,0.22288733520014903,0.16924027928418006,0
-2.1260878078364325,0.2215544243854226,0.5567773753078069,0
-2.1285106285452366,0.22031901789516128,0.920339833557918,0
-2.1309481623885036,0.2190567299329489,1.2965198227658457,0
-2.133344830873943,0.21785354435804427,1.657926679563018,0
-2.1356893169533304,0.2166620271153481,2.0200765979006636,0
-2.1382368135269942,0.2153496591684112,2.423734012309125,0
-2.1406637126625068,0.2141744608527878,2.78781047714301,0
-2.1428703788250623,0.21304773984227765,3.141592653589793,0
-2.1108722492074543,0.22877501908807352,-1.4636502100059943,0
-2.118312403145835,0.22414959232381104,-0.14683846989135096,0
-2.12576977520337,0.21959288768425012,1.1801497472661957,0
-2.133060824221055,0.2151936346987009,2.4916079666401387,0
-2.1191900178757157,0.22639526959100342,-0.8982350635133387,0
-2.1316649317011303,0.22110789917692042,0.5785563339703823,0
-2.1436166847623124,0.21609898096109914,2.0582848420071382,0
-2.1147561904891514,0.22713508588752251,-1.027163164772964,0
-2.1159737514069024,0.2261901183394346,-0.7499076097894903,0
-2.117380216171105,0.2251443555372563,-0.4440933383991075,0
-2.118794475490687,0.22417446105243233,-0.16186607838419986,0
-2.12015856336146,0.22316483492840167,0.13419570725322183,0
-2.1212275403236927,0.2222451180353291,0.4060239806224497,0
-2.1225000665939824,0.2213148960211484,0.6788188449021608,0
-2.123902513060627,0.22030582998200998,0.9749770304244825,0
-2.104694248873882,-0.2699257110907025,-3.141592653589793,0
-2.100530274018657,-0.266343695102071,-2.7676285117356043,0
-2.0960573948817185,-0.2626839045521825,-2.3831343097304316,0
-2.091783296634273,-0.25914586868114586,-2.0238884834737942,0
-2.086897486702351,-0.255787778491694,-1.6488189435482454,0
-2.082998603453093,-0.2514777894071831,-1.3000986418346387,0
-2.0790222551375206,-0.24669687833184062,-0.9390256004656177,0
-2.074236569077253,-0.24195473522603184,-0.5503313299029724,0
-2.069531972070285,-0.23719059352032046,-0.17524903850569418,0
-2.0653010529615186,-0.23243985639262998,0.16924027928418006,0
-2.060934624313935,-0.22633682192848958,0.5567773753078069,0
-2.056721631056848,-0.22050014741986734,0.920339833557918,0
-2.0521076916070067,-0.2144817480483776,1.2965198227658457,0
-2.0479903804113393,-0.20810394074114225,1.657926679563018,0
-2.043657715924666,-0.2016903787709552,2.0200765979006636,0
-2.0385700868781935,-0.19449674440981957,2.423734012309125,0
-2.0347232645950335,-0.18706496309580523,2.78781047714301,1
-2.0302623707558007,-0.18027326667375743,3.141592653589793,0
-2.078762075844217,-0.2623187490807908,-1.4636502100059943,0
-2.0563580305309066,-0.2537292363037533,-0.14683846989135096,0
-2.0325155362475393,-0.24095174628532234,1.1801497472661957,0
-2.0074344514956293,-0.22371753387005056,2.4916079666401387,0
-2.0888488862296875,-0.23260576477553485,-0.8982350635133387,0
-2.083565116475304,-0.20052051421649963,0.5785563339703823,0
-2.0791892499042897,-0.168299583245048,2.0582848420071382,0
-2.076912087879214,-0.2521513175958008,-1.027163164772964,0
-2.070993650138642,-0.252198601061715,-0.7499076097894903,0
-2.0645772281619195,-0.25177580250533804,-0.4440933383991075,0
-2.0590204135122065,-0.2505854584905567,-0.16186607838419986,0
-2.052569566741261,-0.24985247965039648,0.13419570725322183,0
-2.0456927969142824,-0.25012588915679723,0.4060239806224497,0
-2.0395446454913024,-0.24907633951782637,0.6788188449021608,0
-2.0328294676720207,-0.24761728196126276,0.9749770304244825,0
-2.1807909861507135,0.06341635078937236,-3.141592653589793,0
-2.1766983163901283,0.06528900151448491,-2.7676285117356043,0
-2.1723012533496515,0.06726629564893605,-2.3831343097304316,0
-2.1680986995000815,0.06916140489041611,-2.0238884834737942,0
-2.1632926330046525,0.07121075133404053,-1.6488189435482454,0
-2.1594584957915046,0.07312120878928763,-1.3000986418346387,0
-2.1555488114041643,0.07513293648718022,-0.9390256004656177,0
-2.150840880272296,0.07738336667269952,-0.5503313299029724,0
-2.1462120355201413,0.079612882664859,-0.17524903850569418,0
-2.1420499828227317,0.08169575489495617,0.16924027928418006,0
-2.137758841775024,0.08404407940022418,0.5567773753078069,0
-2.1336188159680676,0.08630097452585872,0.920339833557918,0
-2.129083365222863,0.0887115437090662,1.2965198227658457,0
-2.12504171361388,0.09102852061951294,1.657926679563018,0
-2.1207878794229273,0.09341856613298782,2.0200765979006636,0
-2.115791355922056,0.09617178395665205,2.423734012309125,0
-2.1120284984399698,0.0985787152480575,2.78781047714301,0
-2.10765308964365,0.10107470543804942,3.141592653589793,0
-2.1552684118512393,0.07258827335395424,-1.4636502100059943,0
-2.133148226781577,0.08092809259677969,-0.14683846989135096,0
-2.1095406231541523,0.09049581380098815,1.1801497472661957,0
-2.0846366325272667,0.10129704883846458,2.4916079666401387,0
-2.1652589695545763,0.0745348690754204,-0.8982350635133387,0
-2.1601933408197223,0.0814825745060137,0.5785563339703823,0
-2.156111422693984,0.08810372161593971,2.0582848420071382,0
-2.1534579100644917,0.07486109615691916,-1.027163164772964,0
-2.14761810114983,0.07666424780377534,-0.7499076097894903,0
-2.1412812545558637,0.07870803815601723,-0.4440933383991075,0
-2.135789717005051,0.08062259887412493,-0.16186607838419986,0
-2.129406804449108,0.08274656623679633,0.13419570725322183,0
-2.1225917904493694,0.08484855710535877,0.4060239806224497,0
-2.11649533501915,0.08695075550580667,0.6788188449021608,0
-2.109830166485991,0.08930831645407133,0.9749770304244825,0
-2.4247751633050267,0.23050787020829633,-3.141592653589793,0
-2.4227218190712456,0.23202247920735086,-2.7676285117356043,0
-2.4205388734604623,0.2336153635315501,-2.3831343097304316,0
-2.4184601654915507,0.2351294000789843,-2.0238884834737942,0
-2.416144349216862,0.23676936027271722,-1.6488189435482454,0
-2.4141910246888623,0.23824733961878763,-1.3000986418346387,0
-2.4121779279168285,0.23978775134044072,-0.9390256004656177,0
-2.409837874770699,0.2415163486719467,-0.5503313299029724,0
-2.407541433727608,0.24321334914879422,-0.17524903850569418,0
-2.4054508091755302,0.2447803082575084,0.16924027928418006,0
-2.4032098650344667,0.2465218030470835,0.5567773753078069,0
-2.4010575837350823,0.2481872260203657,0.920339833557918,0
-2.3987373454055345,0.24995846678588007,1.2965198227658457,0
-2.396592195003657,0.25164576200849487,1.657926679563018,0
-2.3943641034358367,0.25337934780591276,2.0200765979006636,0
-2.391783776468814,0.2553653461283236,2.423734012309125,0
-2.3896667206590574,0.2570947220331883,2.78781047714301,0
-2.3873725536156556,0.2588788607309138,3.141592653589793,0
-2.4131640015036484,0.23814388105195938,-1.4636502100059943,0
-2.403358190544303,0.24463445187731114,-0.14683846989135096,0
-2.39304178923886,0.251596384977276,1.1801497472661957,0
-2.382329506728996,0.25895116845195565,2.4916079666401387,0
-2.415266392380271,0.23889728151684686,-0.8982350635133387,0
-2.410399395720079,0.24406765295375354,0.5785563339703823,0
-2.4055742772690167,0.2492534555024135,2.0582848420071382,0
-2.411685849408378,0.2397182870022836,-1.027163164772964,0
-2.4092306401823524,0.24119832119413243,-0.7499076097894903,0
-2.4065623270754486,0.24283432815301875,-0.4440933383991075,0
-2.4042164944083146,0.24432202796806113,-0.16186607838419986,0
-2.4015651910985145,0.24595882926505386,0.13419570725322183,0
-2.3988432667883535,0.24756903160483246,0.4060239806224497,0
-2.3963470645508784,0.24912403386855342,0.6788188449021608,0
-2.393628580611029,0.25083164136131453,0.9749770304244825,0
-3.141592653589793,0.0,-3.141592653589793,0
-3.141592653589793,0.0,-2.7676285117356043,0
-3.141592653589793,0.0,-2.3831343097304316,0
-3.141592653589793,0.0,-2.0238884834737942,0
-3.141592653589793,0.0,-1.6488189435482454,0
-3.141592653589793,0.0,-1.3000986418346387,0
-3.141592653589793,0.0,-0.9390256004656177,0
-3.141592653589793,0.0,-0.5503313299029724,0
-3.141592653589793,0.0,-0.17524903850569418,0
-3.141592653589793,0.0,0.16924027928418006,0
-3.141592653589793,0.0,0.5567773753078069,0
-3.141592653589793,0.0,0.920339833557918,0
-3.141592653589793,0.0,1.2965198227658457,0
-3.141592653589793,0.0,1.657926679563018,0
-3.141592653589793,0.0,2.0200765979006636,0
-3.141592653589793,0.0,2.423734012309125,0
-3.141592653589793,0.0,2.78781047714301,0
-3.141592653589793,0.0,3.141592653589793,0
-3.141592653589793,0.0,-1.4636502100059943,0
-3.141592653589793,0.0,-0.14683846989135096,0
-3.141592653589793,0.0,1.1801497472661957,0
-3.141592653589793,0.0,2.4916079666401387,0
-3.141592653589793,0.0,-0.8982350635133387,0
-3.141592653589793,0.0,0.5785563339703823,0
-3.141592653589793,0.0,2.0582848420071382,0
-3.141592653589793,0.0,-1.027163164772964,0
-3.141592653589793,0.0,-0.7499076097894903,0
-3.141592653589793,0.0,-0.4440933383991075,0
-3.141592653589793,0.0,-0.16186607838419986,0
-3.141592653589793,0.0,0.13419570725322183,0
-3.141592653589793,0.0,0.4060239806224497,0
-3.141592653589793,0.0,0.6788188449021608,0
-3.141592653589793,0.0,0.9749770304244825,0
-2.495929022020282,0.030963609373438228,-3.141592653589793,0
-2.498153995491038,0.028430752089115607,-2.7676285117356043,0
-2.5003646806226185,0.025832613956953576,-2.3831343097304316,0
-2.5023939440439706,0.02343140693651824,-2.0238884834737942,0
-2.5043679802868377,0.02086387493171271,-1.6488189435482454,0
-2.5064194049281667,0.018697061009119942,-1.3000986418346387,0
-2.5085523453907994,0.016517427869035206,-0.9390256004656177,0
-2.5106820040707993,0.01409049918962868,-0.5503313299029724,0
-2.5127086558586478,0.011778453760614038,-0.17524903850569418,0
-2.5145929697300398,0.009723831920716464,0.16924027928418006,0
-2.5168129437280258,0.007565506337802397,0.5567773753078069,0
-2.518851216104519,0.005556943156447058,0.920339833557918,0
-2.520883835699596,0.003460292203352644,1.2965198227658457,0
-2.522904843071836,0.0015707200097354601,1.657926679563018,0
-2.5248676191582953,-0.0003329100656164208,2.0200765979006636,0
-2.526984337371948,-0.002469444537104959,2.423734012309125,0
-2.5290455868444193,-0.004170478642952169,2.78781047714301,0
-2.530878211797303,-0.0059623387363449964,3.141592653589793,0
-2.503465161532778,0.01805815035061009,-1.4636502100059943,0
-2.5092055101358297,0.00813208520037545,-0.14683846989135096,0
-2.5150642199180306,-0.0014722006099394669,1.1801497472661957,0
-2.520866961101656,-0.010586693308067385,2.4916079666401387,0
-2.512042662623488,0.01893862145089642,-0.8982350635133387,0
-2.523275222926496,0.01313879384301364,0.5785563339703823,0
-2.5338558633375703,0.008001232206407582,2.0582848420071382,0
-2.5070603574028483,0.016218253023819074,-1.027163164772964,0
-2.507844531897887,0.013795253433042998,-0.7499076097894903,0
-2.5087940854197734,0.011184620072764329,-0.4440933383991075,0
-2.509816926275827,0.00890770244972705,-0.16186607838419986,0
-2.510754631987297,0.006382811797396748,0.13419570725322183,0
-2.5114042832595453,0.0038324486039824635,0.4060239806224497,0
-2.5123008193361605,0.001515026609594461,0.6788188449021608,0
-2.513306176048439,-0.0009723766277316415,0.9749770304244825,0
-1.7881471440392904,-0.30835941673505696,-3.141592653589793,0
-1.7911658826931989,-0.30571011962094774,-2.7676285117356043,0
-1.7943741647729308,-0.3030128823099738,-2.3831343097304316,0
-1.7974108412123468,-0.3005238653189517,-2.0238884834737942,0
-1.80080701016427,-0.29794107783559376,-1.6488189435482454,0
-1.803570333344598,-0.29560756785455355,-1.3000986418346387,0
-1.806390144359363,-0.29322530140375,-0.9390256004656177,1
-1.8096887883990709,-0.2906758412775603,-0.5503313299029724,1
-1.8128959704845429,-0.28824996381397394,-0.17524903850569418,1
-1.815777388215756,-0.28605693143234623,0.16924027928418006,1
-1.8188098369109857,-0.2836361981605995,0.5567773753078069,1
-1.8217050610352596,-0.28139327379536105,0.920339833557918,1
-1.8248104713020012,-0.27909880848076885,1.2965198227658457,1
-1.8276397435549898,-0.27693188485377185,1.657926679563018,1
-1.8305609923985238,-0.2747858211325114,2.0200765979006636,1
-1.8339162536146998,-0.27242480499296917,2.423734012309125,1
-1.8366242719593753,-0.270335870716349,2.78781047714301,1
-1.8395489056961059,-0.26832456056164755,3.141592653589793,1
-1.8057233743154744,-0.2963865113349686,-1.4636502100059943,0
-1.8196478317752285,-0.2875773534236865,-0.14683846989135096,1
-1.8333783982758984,-0.2792222728754199,1.1801497472661957,1
-1.8467325202384,-0.27143633848176885,2.4916079666401387,1
-1.8010071848065325,-0.2933573613287752,-0.8982350635133387,1
-1.8075180766689651,-0.28397894017040715,0.5785563339703823,1
-1.8145259051043834,-0.27479990315663416,2.0582848420071382,1
-1.8074012278223635,-0.29366567274883204,-1.027163164772964,1
-1.8110629840788113,-0.2917374734280149,-0.7499076097894903,1
-1.8149542953022673,-0.2896516071096005,-0.4440933383991075,1
-1.818285053010009,-0.28777379388886226,-0.16186607838419986,1
-1.8220183850160632,-0.28581076710892184,0.13419570725322183,1
-1.8258276809781717,-0.2840013967041388,0.4060239806224497,1
-1.8292120322146275,-0.2822427443959463,0.6788188449021608,1
-1.832827623190883,-0.2803625102852525,0.9749770304244825,1
-2.0583096804916114,0.24180301100850743,-3.141592653589793,0
-2.0615710766532542,0.23998699410072932,-2.7676285117356043,0
-2.0648552251541057,0.23813162180749137,-2.3831343097304316,0
-2.067882663570183,0.2364159326388222,-2.0238884834737942,0
-2.070932576202109,0.23461446712897516,-1.6488189435482454,0
-2.073890935028876,0.2330195669968731,-1.3000986418346387,0
-2.076944004293534,0.23139638327445988,-0.9390256004656177,0
-2.0801056280887993,0.22963241488088748,-0.5503313299029724,0
-2.083121025857025,0.22794874207483007,-0.17524903850569418,0
-2.085890792781171,0.22643154805380972,0.16924027928418006,0
-2.089055366360647,0.22478034196310004,0.5567773753078069,0
-2.0919802966826904,0.2232439229755041,0.920339833557918,0
-2.0949419535994744,0.22165647204859784,1.2965198227658457,0
-2.097817451437928,0.2201764489534881,1.657926679563018,0
-2.1006445638560542,0.21869739860851745,2.0200765979006636,0
-2.1037334672768844,0.21705283847777102,2.423734012309125,0
-2.106604962891468,0.21564391791630344,2.78781047714301,0
-2.109271304507568,0.21424026526896078,3.141592653589793,0
-2.071234218810188,0.2332307006618528,-1.4636502100059943,0
-2.081019711131304,0.22673532154550058,-0.14683846989135096,0
-2.090724285041291,0.22044622173071593,1.1801497472661957,0
-2.1001360166298877,0.2144601352299529,2.4916079666401387,0
-2.079409403004665,0.23205544676879963,-0.8982350635133387,0
-2.093444156900727,0.22641250991674688,0.5785563339703823,0
-2.1068798820235966,0.22104571086252012,2.0582848420071382,0
-2.0755765407392817,0.23152665893532953,-1.027163164772964,0
-2.0773669924096922,0.23004834763352555,-0.7499076097894903,0
-2.07938694718176,0.22844607843774423,-0.4440933383991075,0
-2.0813352959193683,0.22701665974178198,-0.16186607838419986,0
-2.08328498783202,0.22548188973993932,0.13419570725322183,0
-2.0849356026746264,0.22400748407816717,0.4060239806224497,0
-2.0867383572681044,0.2226097088649306,0.6788188449021608,0
-2.0887073081572245,0.22110798570753687,0.9749770304244825,0
-1.18242792458265,0.2370058722910131,-3.141592653589793,1
-1.1901293748305055,0.23218723726020052,-2.7676285117356043,1
-1.1978158302226074,0.22729673543639306,-2.3831343097304316,1
-1.2048733424199598,0.22280045413200522,-2.0238884834737942,1
-1.2118458368790161,0.21810443400268564,-1.6488189435482454,1
-1.2188414317771006,0.21397116677942973,-1.3000986418346387,1
-1.2260760515511817,0.20979195508859583,-0.9390256004656177,1
-1.233414777220824,0.20527181269527883,-0.5503313299029724,1
-1.2403943649213098,0.20098148316404574,-0.17524903850569418,1
-1.246834949311063,0.19713993484042858,0.16924027928418006,1
-1.2542975046016605,0.19299740121502795,0.5567773753078069,1
-1.2611590334299323,0.18916575172662098,0.920339833557918,1
-1.268041214340362,0.18522358262907357,1.2965198227658457,1
-1.2747933617124547,0.18158520636381326,1.657926679563018,1
-1.2813795887802941,0.1779646126167309,2.0200765979006636,1
-1.288516583270504,0.17395450709355043,2.423734012309125,1
-1.295297687002253,0.1705787722919072,2.78781047714301,1
-1.3014474162981455,0.1672012062167414,3.141592653589793,1
-1.2105895294723592,0.21445939342237175,-1.4636502100059943,1
-1.2319086346272574,0.19751230890231364,-0.14683846989135096,1
-1.253280135701628,0.18125779932647212,1.1801497472661957,1
-1.274149242773118,0.1659633321377436,2.4916079666401387,1
-1.2350528979507722,0.21158817507436778,-0.8982350635133387,1
-1.2705644431964944,0.19766348391630162,0.5785563339703823,1
-1.303949245603583,0.18498940625575644,2.0582848420071382,1
-1.221889813282432,0.2100812116441486,-1.027163164772964,1
-1.2253153481831018,0.20622340663358107,-0.7499076097894903,1
-1.22929755723137,0.20203873986534848,-0.4440933383991075,1
-1.2333259100581804,0.19831354603104456,-0.16186607838419986,1
-1.2372115426787869,0.1942976813610926,0.13419570725322183,1
-1.240260108145334,0.19040690423276452,0.4060239806224497,1
-1.243910077675786,0.18674154115129715,0.6788188449021608,1
-1.2479427331821542,0.18280559535158547,0.9749770304244825,1
-1.5735169333454289,-0.4436403818165138,-3.141592653589793,0
-1.5786828176959078,-0.4382926669073801,-2.7676285117356043,1
-1.5840628937340482,-0.43301601004386736,-2.3831343097304316,1
-1.58909578979417,-0.4282360470949156,-2.0238884834737942,0
-1.5945391296061748,-0.4235560884243843,-1.6488189435482454,0
-1.599181801066593,-0.4189700848156006,-1.3000986418346387,1
-1.6039198773276866,-0.41428987162152264,-0.9390256004656177,1
-1.6092442172150725,-0.4095912947924516,-0.5503313299029724,1
-1.6143724633244234,-0.40518661729959327,-0.17524903850569418,1
-1.618992285295573,-0.4011785428815884,0.16924027928418006,1
-1.6239572361715802,-0.396595849079747,0.5567773753078069,1
-1.6286349377835168,-0.3924363387590839,0.920339833557918,1
-1.6335506898879963,-0.3883210219837503,1.2965198227658457,1
-1.6380989509158153,-0.3843277079763836,1.657926679563018,1
-1.6427119689327212,-0.38048473187795606,2.0200765979006636,1
-1.6479161353142122,-0.37638294255509264,2.423734012309125,1
-1.6522827217282796,-0.3725061222225494,2.78781047714301,1
-1.6567768833776872,-0.3690601405740477,3.141592653589793,1
-1.6004087537372982,-0.4240139850852134,-1.4636502100059943,0
-1.6211097174807119,-0.4101976789729491,-0.14683846989135096,1
-1.6412366327062407,-0.3972056750006243,1.1801497472661957,1
-1.6605183989264356,-0.38525264740072585,2.4916079666401387,1
-1.5989326306514509,-0.4087451587349147,-0.8982350635133387,1
-1.6133937283630948,-0.3860996843184239,0.5785563339703823,1
-1.628084611063258,-0.3653159849086025,2.0582848420071382,1
-1.6044292481381213,-0.4168653397390183,-1.027163164772964,1
-1.609513344055918,-0.4145694437415224,-0.7499076097894903,1
-1.6149520856856074,-0.4119609874514092,-0.4440933383991075,1
-1.6196938322199073,-0.40938823490096743,-0.16186607838419986,1
-1.62488041899447,-0.4069284805082023,0.13419570725322183,1
-1.6299971660462933,-0.4050047771973593,0.4060239806224497,1
-1.63468333353718,-0.4027660963633761,0.6788188449021608,1
-1.6396926890340537,-0.40033281894271555,0.9749770304244825,1
-1.376916664320641,-0.2531061022458774,-3.141592653589793,1
-1.384219631946334,-0.24926721034103805,-2.7676285117356043,0
-1.3917222894591723,-0.24557078629119955,-2.3831343097304316,1
-1.3986849165567572,-0.242262821650002,-2.0238884834737942,0
-1.4060430925949254,-0.23920097517568983,-1.6488189435482454,0
-1.412524206215411,-0.23591156865099583,-1.3000986418346387,1
-1.41913737536384,-0.23253769602117602,-0.9390256004656177,1
-1.4263716134556834,-0.22934049089017083,-0.5503313299029724,1
-1.4332953960130683,-0.22637036209006922,-0.17524903850569418,1
-1.43954528591013,-0.22363214415922616,0.16924027928418006,1
-1.446357113592795,-0.22037174486610178,0.5567773753078069,1
-1.4527182280605835,-0.21745533214440638,0.920339833557918,1
-1.459311843329821,-0.2146497190251817,1.2965198227658457,1
-1.465476595708443,-0.21183803916163857,1.657926679563018,1
-1.471655037038006,-0.20919440667609424,2.0200765979006636,1
-1.4785413563688816,-0.20644397604317177,2.423734012309125,1
-1.4844718164778374,-0.20365682141951158,2.78781047714301,1
-1.4903822898391292,-0.20135543761065433,3.141592653589793,1
-1.412059721783488,-0.24195972930494625,-1.4636502100059943,1
-1.4386151182569702,-0.2342757352767948,-0.14683846989135096,1
-1.4642420403157959,-0.22687666743736878,1.1801497472661957,1
-1.4885871632709702,-0.2199754973492336,2.4916079666401387,1
-1.4158336628379522,-0.22464318183600396,-0.8982350635133387,1
-1.4389777714366532,-0.2055124035214968,0.5785563339703823,1
-1.4617302760301278,-0.18856680594391495,2.0582848420071382,1
-1.4187747295168245,-0.2355611894935432,-1.027163164772964,1
-1.4249171262753744,-0.23490988611042418,-0.7499076097894903,1
-1.4315379396249093,-0.23401381216168415,-0.4440933383991075,1
-1.437411788686663,-0.23287712656010395,-0.16186607838419986,1
-1.4437103784949725,-0.23199758550631788,0.13419570725322183,1
-1.4497458677863684,-0.2316576833863282,0.4060239806224497,1
-1.4554374504216296,-0.23079639926966378,0.6788188449021608,1
-1.4615331291726816,-0.22980678642184982,0.9749770304244825,1
-3.141592653589793,0.0,-3.141592653589793,0
-3.141592653589793,0.0,-2.7676285117356043,0
-3.141592653589793,0.0,-2.3831343097304316,0
-3.141592653589793,0.0,-2.0238884834737942,0
-3.141592653589793,0.0,-1.6488189435482454,0
-3.141592653589793,0.0,-1.3000986418346387,0
-3.141592653589793,0.0,-0.9390256004656177,0
-3.141592653589793,0.0,-0.5503313299029724,0
-3.141592653589793,0.0,-0.17524903850569418,0
-3.141592653589793,0.0,0.16924027928418006,0
-3.141592653589793,0.0,0.5567773753078069,0
-3.141592653589793,0.0,0.920339833557918,0
-3.141592653589793,0.0,1.2965198227658457,0
-3.141592653589793,0.0,1.657926679563018,0
-3.141592653589793,0.0,2.0200765979006636,0
-3.141592653589793,0.0,2.423734012309125,0
-3.141592653589793,0.0,2.78781047714301,0
-3.141592653589793,0.0,3.141592653589793,0
-3.141592653589793,0.0,-1.4636502100059943,0
-3.141592653589793,0.0,-0.14683846989135096,0
-3.141592653589793,0.0,1.1801497472661957,0
-3.141592653589793,0.0,2.4916079666401387,0
-3.141592653589793,0.0,-0.8982350635133387,0
-3.141592653589793,0.0,0.5785563339703823,0
-3.141592653589793,0.0,2.0582848420071382,0
-3.141592653589793,0.0,-1.027163164772964,0
-3.141592653589793,0.0,-0.7499076097894903,0
-3.141592653589793,0.0,-0.4440933383991075,0
-3.141592653589793,0.0,-0.16186607838419986,0
-3.141592653589793,0.0,0.13419570725322183,0
-3.141592653589793,0.0,0.4060239806224497,0
-3.141592653589793,0.0,0.6788188449021608,0
-3.141592653589793,0.0,0.9749770304244825,0
-2.325681482226796,0.05617217297760435,-3.141592653589793,0
-2.32589374320013,0.05692161033644183,-2.7676285117356043,0
-2.326026959601982,0.05770921842023169,-2.3831343097304316,0
-2.326125438610644,0.0584476606450286,-2.0238884834737942,0
-2.326019117581858,0.059271903381261204,-1.6488189435482454,0
-2.3263140366267705,0.0599257197631915,-1.3000986418346387,0
-2.3266727672825147,0.06058199720608437,-0.9390256004656177,0
-2.326810460553958,0.061353094268835395,-0.5503313299029724,0
-2.3269284272043866,0.06209685061676362,-0.17524903850569418,0
-2.3271092658976977,0.06275465039696293,0.16924027928418006,0
-2.3275358115990517,0.06342293651139164,0.5567773753078069,0
-2.32789545857512,0.06405572264645709,0.920339833557918,0
-2.3281640074986307,0.06473597819519838,1.2965198227658457,0
-2.3285911709645895,0.06533206460123031,1.657926679563018,0
-2.3289380355012037,0.06594857332591131,2.0200765979006636,0
-2.3292286035819303,0.06665955132357393,2.423734012309125,0
-2.3298373432295403,0.06718473256404112,2.78781047714301,0
-2.330123412023771,0.06778670027793687,3.141592653589793,0
-2.3227696225408687,0.06057130100528152,-1.4636502100059943,0
-2.3202745958558575,0.06411806266344611,-0.14683846989135096,0
-2.31798582855507,0.06765543059974899,1.1801497472661957,0
-2.315873159653972,0.07112690940937494,2.4916079666401387,0
-2.3322925624744952,0.059088956424249606,-0.8982350635133387,0
-2.338999853003143,0.060108939545128415,0.5785563339703823,0
-2.345594466784723,0.06096043400037443,2.0582848420071382,0
-2.324897943327727,0.06089993277089878,-1.027163164772964,0
-2.32366614729505,0.06183887484054296,-0.7499076097894903,0
-2.322435386537167,0.06284535489769993,-0.4440933383991075,0
-2.3215504634596233,0.06370633006932858,-0.16186607838419986,0
-2.320359475032496,0.06469321954550855,0.13419570725322183,0
-2.3188451781901342,0.06573410786856027,0.4060239806224497,0
-2.3177692564022836,0.06665060129808786,0.6788188449021608,0
-2.3166471015236962,0.06763762594822831,0.9749770304244825,0
-3.141592653589793,0.0,-3.141592653589793,0
-3.141592653589793,0.0,-2.7676285117356043,0
-3.141592653589793,0.0,-2.3831343097304316,0
-3.141592653589793,0.0,-2.0238884834737942,0
-3.141592653589793,0.0,-1.6488189435482454,0
-3.141592653589793,0.0,-1.3000986418346387,0
-3.141592653589793,0.0,-0.9390256004656177,0
-3.141592653589793,0.0,-0.5503313299029724,0
-3.141592653589793,0.0,-0.17524903850569418,0
-3.141592653589793,0.0,0.16924027928418006,0
-3.141592653589793,0.0,0.5567773753078069,0
-3.141592653589793,0.0,0.920339833557918,0
-3.141592653589793,0.0,1.2965198227658457,0
-3.141592653589793,0.0,1.657926679563018,0
-3.141592653589793,0.0,2.0200765979006636,0
-3.141592653589793,0.0,2.423734012309125,0
-3.141592653589793,0.0,2.78781047714301,0
-3.141592653589793,0.0,3.141592653589793,0
-3.141592653589793,0.0,-1.4636502100059943,0
-3.141592653589793,0.0,-0.14683846989135096,0
-3.141592653589793,0.0,1.1801497472661957,0
-3.141592653589793,0.0,2.4916079666401387,0
-3.141592653589793,0.0,-0.8982350635133387,0
-3.141592653589793,0.0,0.5785563339703823,0
-3.141592653589793,0.0,2.0582848420071382,0
-3.141592653589793,0.0,-1.027163164772964,0
-3.141592653589793,0.0,-0.7499076097894903,0
-3.141592653589793,0.0,-0.4440933383991075,0
-3.141592653589793,0.0,-0.16186607838419986,0
-3.141592653589793,0.0,0.13419570725322183,0
-3.141592653589793,0.0,0.4060239806224497,0
-3.141592653589793,0.0,0.6788188449021608,0
-3.141592653589793,0.0,0.9749770304244825,0
-1.642746909567286,-0.36373310256319114,-3.141592653589793,0
-1.6467878871362984,-0.35971778292328604,-2.7676285117356043,0
-1.65104495676769,-0.35569851196882096,-2.3831343097304316,0
-1.6550539369695765,-0.3520278136141992,-2.0238884834737942,0
-1.659473158578482,-0.34833343273171735,-1.6488189435482454,0
-1.6631432338223573,-0.3448565123056997,-1.3000986418346387,0
-1.66688878874195,-0.34130969660368393,-0.9390256004656177,1
-1.6711941180027103,-0.33764146525586947,-0.5503313299029724,1
-1.675362957971075,-0.33418122417933827,-0.17524903850569418,1
-1.6791126533817202,-0.33104535806597113,0.16924027928418006,1
-1.683095297841749,-0.3275218845951482,0.5567773753078069,1
-1.6868756724608387,-0.3242949965067874,0.920339833557918,1
-1.69089440734001,-0.32105422947265216,1.2965198227658457,1
-1.694580558574841,-0.31795175511740936,1.657926679563018,1
-1.6983568589629685,-0.31492797756306556,2.0200765979006636,1
-1.702660298274583,-0.311657114016318,2.423734012309125,1
-1.7061932632822112,-0.30866119646130974,2.78781047714301,1
-1.7099289771956596,-0.3058998588725186,3.141592653589793,1
-1.6651695019823327,-0.34741517519013376,-1.4636502100059943,0
-1.6827082493667231,-0.3357476746187045,-0.14683846989135096,1
-1.6998881500285314,-0.3248001788389727,1.1801497472661957,1
-1.7164794416951519,-0.31472559018990376,2.4916079666401387,1
-1.6611575216315309,-0.3391670048801476,-0.8982350635133387,1
-1.6710673853306717,-0.3234202341413388,0.5785563339703823,1
-1.681451416156728,-0.30852870952996714,2.0582848420071382,1
-1.6678157478037972,-0.34265090810260324,-1.027163164772964,1
-1.6723042572996683,-0.3403841768052325,-0.7499076097894903,1
-1.677085108925624,-0.33788812896396037,-0.4440933383991075,1
-1.6812063277784306,-0.3355557168290044,-0.16186607838419986,1
-1.685779296758588,-0.33321544711978435,0.13419570725322183,1
-1.6903820784578216,-0.3312028569648269,0.4060239806224497,1
-1.6945193895959079,-0.3291016596175793,0.6788188449021608,1
-1.6989391349314193,-0.3268437862493485,0.9749770304244825,1
-2.501363165175092,0.08731159129750266,-3.141592653589793,0
-2.5026669744211927,0.0849438750047109,-2.7676285117356043,0
-2.5039306722086287,0.08252974099838184,-2.3831343097304316,0
-2.5050863014928564,0.08028405992215637,-2.0238884834737942,0
-2.506116243505578,0.07796279872726997,-1.6488189435482454,0
-2.507397942154538,0.07577980204792745,-1.3000986418346387,0
-2.508762764108425,0.07352939151437132,-0.9390256004656177,0
-2.5100238300286164,0.07113112654094511,-0.5503313299029724,0
-2.511225181955726,0.06882530241989082,-0.17524903850569418,0
-2.512383124306232,0.06671396372928484,0.16924027928418006,0
-2.5138565675344404,0.06435143507140406,0.5567773753078069,0
-2.5151999137441474,0.06214990860321645,0.920339833557918,0
-2.516503042025522,0.05988271643663179,1.2965198227658457,0
-2.517879259112733,0.05772503512164873,1.657926679563018,0
-2.519189404966093,0.05557321298600826,2.0200765979006636,0
-2.5205702702954973,0.0531826993019866,2.423734012309125,0
-2.52206846671385,0.051071714453716055,2.78781047714301,0
-2.523289650378152,0.04900668942933928,3.141592653589793,0
-2.5039871640934166,0.07703438068848234,-1.4636502100059943,0
-2.5060047154292744,0.06872067808719384,-0.14683846989135096,0
-2.508330752517452,0.06011477884450844,1.1801497472661957,0
-2.510842140974357,0.05142306069599645,2.4916079666401387,0
-2.5134728644783615,0.07298357514668119,-0.8982350635133387,0
-2.522977546640575,0.06423129529038274,0.5785563339703823,0
-2.5320450055811765,0.05619294580889855,2.0582848420071382,0
-2.5070520130538427,0.07416446464772752,-1.027163164772964,0
-2.506884871013398,0.07248107358766864,-0.7499076097894903,0
-2.5068197742298484,0.07058731994368328,-0.4440933383991075,0
-2.506973215626542,0.06880939160537647,-0.16186607838419986,0
-2.50693763844811,0.06692048879384016,0.13419570725322183,0
-2.506588766188999,0.06515039363070008,0.4060239806224497,0
-2.506600757078642,0.06335264860789236,0.6788188449021608,0
-2.506662817156055,0.06137494096827867,0.9749770304244825,0
-2.3174466663367115,0.18357912111852626,-3.141592653589793,0
-2.318874096494244,0.182943395074608,-2.7676285117356043,0
-2.320258612400121,0.18233694062043915,-2.3831343097304316,0
-2.321522723915012,0.18178384976271023,-2.0238884834737942,0
-2.3226557805957415,0.1813188045151355,-1.6488189435482454,0
-2.324042120897054,0.1806720455236528,-1.3000986418346387,0
-2.325514254485701,0.17997527320220774,-0.9390256004656177,0
-2.3268793084894086,0.17935804327241023,-0.5503313299029724,0
-2.328177034032503,0.17876962536903118,-0.17524903850569418,0
-2.3294232211881223,0.1781911808916843,0.16924027928418006,0
-2.331001376821054,0.1774266971314855,0.5567773753078069,0
-2.3324390077823187,0.17673234697574447,0.920339833557918,0
-2.33383302760093,0.17606769059145266,1.2965198227658457,1
-2.335301179656719,0.17534619364828385,1.657926679563018,0
-2.336697941313866,0.17466554932022849,2.0200765979006636,0
-2.338168529853618,0.17395550023610928,2.423734012309125,0
-2.3397612251030275,0.1731495102552345,2.78781047714301,0
-2.341058432583212,0.17251561387937686,3.141592653589793,0
-2.320479064307636,0.18281262668711395,-1.4636502100059943,0
-2.3227360902080756,0.1821908552536562,-0.14683846989135096,0
-2.325245996801662,0.181330468001482,1.1801497472661957,0
-2.327883678754308,0.18029971946446732,2.4916079666401387,0
-2.330430752694113,0.17693246681760222,-0.8982350635133387,0
-2.340598028454597,0.17153873441677314,0.5785563339703823,0
-2.35034566879438,0.1664231308876123,2.0582848420071382,0
-2.32372281736254,0.18104464834023792,-1.027163164772964,0
-2.3235859080659784,0.18130114822536436,-0.7499076097894903,0
-2.3235542828015556,0.18150409233017717,-0.4440933383991075,0
-2.3237431744005708,0.18154986538427176,-0.16186607838419986,0
-2.3237323129410017,0.18172426964819,0.13419570725322183,0
-2.323388306976877,0.18208932949806478,0.4060239806224497,0
-2.3234165919225167,0.18221711592284517,0.6788188449021608,0
-2.3234940042837966,0.18232168355409506,0.9749770304244825,0
-1.2051825548822555,0.05738789574481151,-3.141592653589793,0
-1.214958760327575,0.05475047421885337,-2.7676285117356043,1
-1.2248229889584763,0.05196632106777033,-2.3831343097304316,1
-1.233892305640903,0.049387668893124737,-2.0238884834737942,1
-1.243154659319676,0.04642719656740324,-1.6488189435482454,1
-1.2517718735098247,0.044363079227104585,-1.3000986418346387,1
-1.2605846692392568,0.04235516213121082,-0.9390256004656177,1
-1.269856856317534,0.03986456941084349,-0.5503313299029724,1
-1.278670170947327,0.03749754176701092,-0.17524903850569418,1
-1.2866753853790471,0.03547995255938252,0.16924027928418006,1
-1.2956169304160512,0.033584163080992546,0.5567773753078069,1
-1.303875165091523,0.031785825140378865,0.920339833557918,1
-1.3122758355294835,0.029819298281920315,1.2965198227658457,1
-1.3202789338838308,0.028204231501004706,1.657926679563018,1
-1.3281724071844632,0.02650747314031454,2.0200765979006636,1
-1.3368272013055502,0.02452836675333936,2.423734012309125,1
-1.3446036538848694,0.023238670447933263,2.78781047714301,1
-1.351996413996055,0.021610784295207797,3.141592653589793,1
-1.2467187442582235,0.03991527988457522,-1.4636502100059943,1
-1.277671944483518,0.027351823295379774,-0.14683846989135096,1
-1.3076305638855368,0.016187022825911335,1.1801497472661957,1
-1.3360789496313188,0.006347252907377143,2.4916079666401387,1
-1.2634645113318328,0.05071211866986447,-0.8982350635133387,1
-1.299874180175581,0.04991019379525241,0.5785563339703823,1
-1.3343041045609438,0.04871526456339259,2.0582848420071382,1
-1.2579375217275297,0.04021831332809178,-1.027163164772964,1
-1.2642354437429106,0.03641480250910112,-0.7499076097894903,1
-1.2711776087877713,0.032507527886344256,-0.4440933383991075,1
-1.2776026439098964,0.029359016686906436,-0.16186607838419986,1
-1.2842381536841563,0.025739498231278635,0.13419570725322183,1
-1.2902164637010598,0.021873757568061425,0.4060239806224497,1
-1.2962721681421747,0.01871864403259149,0.6788188449021608,1
-1.3028140031931716,0.015433964048791715,0.9749770304244825,1
-2.0013861714806813,0.36517533945785496,-3.141592653589793,0
-2.002646411895048,0.36611570091736834,-2.7676285117356043,0
-2.003769256557571,0.36718387192942714,-2.3831343097304316,0
-2.0047999462994355,0.3681520895120802,-2.0238884834737942,0
-2.005376508076739,0.36956448183192814,-1.6488189435482454,0
-2.0069985676215136,0.36986083342687426,-1.3000986418346387,0
-2.0088583480098166,0.3699602845817105,-0.9390256004656177,0
-2.010260781444742,0.370558348801326,-0.5503313299029724,0
-2.0116260916884463,0.371078104783539,-0.17524903850569418,0
-2.0131087365603957,0.37130842254245566,0.16924027928418006,0
-2.015388581773675,0.3709664075302572,0.5567773753078069,0
-2.0174605757026276,0.3706623495939807,0.920339833557918,0
-2.0193821892497894,0.3705063222299976,1.2965198227658457,0
-2.0216850157318227,0.3699003264252414,1.657926679563018,0
-2.023822456371696,0.3694085764233854,2.0200765979006636,0
-2.026008346512876,0.3689941393428038,2.423734012309125,0
-2.02885213761783,0.36778685048846693,2.78781047714301,0
-2.0309032430334883,0.3672263415008601,3.141592653589793,0
-1.9972278855999823,0.37786754134362344,-1.4636502100059943,0
-1.9944416075402613,0.38693376622918185,-0.14683846989135096,0
-1.9932065398510932,0.39416386546387017,1.1801497472661957,0
-1.9933630101236741,0.39953040127460016,2.4916079666401387,1
-2.0234881996003864,0.3570820595293922,-0.8982350635133387,0
-2.0440992425564195,0.34543218320339353,0.5785563339703823,0
-2.0640856893088553,0.3337813087373407,2.0582848420071382,0
-2.003985157692064,0.3739318784231376,-1.027163164772964,0
-2.00151261945357,0.3775367209207423,-0.7499076097894903,0
-1.9991765257703018,0.3811523430974346,-0.4440933383991075,0
-1.9977293824394844,0.38382988087843506,-0.16186607838419986,0
-1.9955813395170987,0.3872072956018835,0.13419570725322183,0
-1.9925687096910805,0.39126781030575586,0.4060239806224497,0
-1.9907548654185836,0.3942126286395653,0.6788188449021608,0
-1.9889665655493407,0.397227617375818,0.9749770304244825,0
-2.40128554881439,0.06692618095013803,-3.141592653589793,0
-2.3994564848430127,0.06657851375206647,-2.7676285117356043,0
-2.397693539786805,0.06614272586405523,-2.3831343097304316,0
-2.396107090722321,0.06568715675670767,-2.0238884834737942,0
-2.394700689744379,0.0650719065177241,-1.6488189435482454,0
-2.3930310752102306,0.06465589115790404,-1.3000986418346387,0
-2.391279529717827,0.06421624317930608,-0.9390256004656177,0
-2.3896937956192024,0.06357891013661421,-0.5503313299029724,0
-2.3882252158826196,0.06291426303952008,-0.17524903850569418,0
-2.3868392465453607,0.06230303642037027,0.16924027928418006,0
-2.385081403258598,0.061685164985843866,0.5567773753078069,0
-2.383517654710767,0.061044355550124774,0.920339833557918,0
-2.3820608866778805,0.06028621206627616,1.2965198227658457,0
-2.3805139636728567,0.05960285441447555,1.657926679563018,0
-2.379100690329901,0.05883577686487129,2.0200765979006636,0
-2.3776937575657304,0.05788251925225074,2.423734012309125,0
-2.3760639177420244,0.05715681558111907,2.78781047714301,0
-2.3748910489119908,0.056253340538452434,3.141592653589793,0
-2.397243979122355,0.06322563579815776,-1.4636502100059943,0
-2.3950973921305834,0.0596661267968539,-0.14683846989135096,0
-2.393496901911581,0.055698814891036896,1.1801497472661957,0
-2.3925854649737532,0.051388305560987835,2.4916079666401387,0
-2.3851552606343978,0.06701408900733119,-0.8982350635133387,0
-2.371861636651896,0.06785442617968096,0.5785563339703823,0
-2.3583538800826775,0.0682938301920144,2.0582848420071382,0
-2.393445042719302,0.06350353765235273,-1.027163164772964,0
-2.393692319256144,0.0624168071095621,-0.7499076097894903,0
-2.3938789315897475,0.061259023897167086,-0.4440933383991075,0
-2.3938344510981864,0.06028894309634136,-0.16186607838419986,0
-2.3941023759415043,0.0591282963824491,0.13419570725322183,0
-2.394823389638424,0.05785472661110269,0.4060239806224497,0
-2.3951269866166838,0.05676580384755736,0.6788188449021608,0
-2.395452801378816,0.05558725009022858,0.9749770304244825,0
-1.9547758407809337,0.32833796254490943,-3.141592653589793,0
-1.954608376207562,0.33206024394268985,-2.7676285117356043,0
-1.954250751575866,0.3359739972246998,-2.3831343097304316,0
-1.9539079715114616,0.3395824579028912,-2.0238884834737942,0
-1.9529724515960238,0.3437782167785919,-1.6488189435482454,0
-1.9534004112155936,0.34653942615322775,-1.3000986418346387,0
-1.9540801097946343,0.34913400524462634,-0.9390256004656177,0
-1.954117153813879,0.3524519306702274,-0.5503313299029724,0
-1.9541856231330268,0.3555648568252665,-0.17524903850569418,0
-1.9545425370972922,0.3581147254516992,0.16924027928418006,0
-1.9557136227044714,0.3602418857037324,0.5567773753078069,0
-1.9567582818491418,0.36221743600509804,0.920339833557918,0
-1.9575926117817777,0.36441478225581836,1.2965198227658457,0
-1.9589840838782049,0.3659360311812132,1.657926679563018,0
-1.960195176173476,0.3675621584627411,2.0200765979006636,1
-1.9613305783179094,0.36949803292256744,2.423734012309125,0
-1.9634759537689783,0.37016095958351114,2.78781047714301,0
-1.9646950981291655,0.37153410047303614,3.141592653589793,0
-1.9424844041819227,0.3543441729897614,-1.4636502100059943,0
-1.9331690329893485,0.37432371828193656,-0.14683846989135096,0
-1.925558989431063,0.3926219815447367,1.1801497472661957,0
-1.9197174967357642,0.408764442002854,2.4916079666401387,0
-1.9713483105740324,0.3349055637819971,-0.8982350635133387,0
-1.9904280445095193,0.330482271974216,0.5785563339703823,0
-2.0095365801742022,0.32468720527520123,2.0582848420071382,0
-1.9486287820031827,0.3530228098628214,-1.027163164772964,0
-1.9444483906379166,0.3590801665645107,-0.7499076097894903,0
-1.9402719671959983,0.3654196755900143,-0.4440933383991075,0
-1.9372504046838201,0.37055782038733476,-0.16186607838419986,0
-1.9332858811840183,0.3766717212588322,0.13419570725322183,0
-1.9283321638023345,0.3835004329359588,0.4060239806224497,0
-1.9248204459229716,0.3890582315483919,0.6788188449021608,0
-1.9212052129131973,0.3949273724068454,0.9749770304244825,0
-1.3921088132988226,0.17547631525954044,-3.141592653589793,0
-1.3948088969331274,0.17366790854989045,-2.7676285117356043,0
-1.3974184379659103,0.1718455704569153,-2.3831343097304316,0
-1.3997973230115466,0.17015855794466672,-2.0238884834737942,0
-1.401905354765101,0.16846620910523358,-1.6488189435482454,1
-1.4045345489322643,0.16678320880887387,-1.3000986418346387,0
-1.4073313977556858,0.16503611335977375,-0.9390256004656177,0
-1.409899993843823,0.1632343670519445,-0.5503313299029724,1
-1.4123392621036805,0.1615072193723015,-0.17524903850569418,1
-1.4146893399709808,0.15990913989842648,0.16924027928418006,0
-1.4176899693446106,0.1580663238518114,0.5567773753078069,1
-1.4204191433738798,0.15635867917170376,0.920339833557918,1
-1.423054390493293,0.15462592471554748,1.2965198227658457,1
-1.42584826157123,0.15293371743044348,1.657926679563018,1
-1.4284978357278593,0.1512660211129333,2.0200765979006636,1
-1.431276653298958,0.14943757680794567,2.423734012309125,1
-1.4343258249154456,0.1477317662119515,2.78781047714301,1
-1.4367800093133676,0.14614258005246406,3.141592653589793,1
-1.3974413304812203,0.16855273087870115,-1.4636502100059943,1
-1.401339292635721,0.16306315998887388,-0.14683846989135096,1
-1.4057076541528388,0.15737092493437732,1.1801497472661957,1
-1.4103115876111112,0.15162358355210648,2.4916079666401387,1
-1.4172198862935828,0.16328278572872446,-0.8982350635133387,1
-1.4370966098051159,0.15514384612985532,0.5785563339703823,1
-1.4562029171347781,0.14750432136264058,2.0582848420071382,1
-1.403763995282168,0.16593089599469435,-1.027163164772964,0
-1.4033551713595822,0.1649896666199493,-0.7499076097894903,1
-1.4031410842541867,0.16389919062830405,-0.4440933383991075,0
-1.40338039669066,0.1628141916784993,-0.16186607838419986,0
-1.4032062468391193,0.16172802372041017,0.13419570725322183,1
-1.4023675573814247,0.160814425163184,0.4060239806224497,1
-1.4022776492844462,0.15977662757544975,0.6788188449021608,1
-1.4022711633523228,0.15862453284933364,0.9749770304244825,1
-2.471677228902736,0.01811880215357542,-3.141592653589793,0
-2.471993225264659,0.016915088433438363,-2.7676285117356043,0
-2.4724755569158474,0.01566145554710907,-2.3831343097304316,0
-2.4730107369422196,0.014484229554261763,-2.0238884834737942,0
-2.473862936956292,0.013235711542752604,-1.6488189435482454,0
-2.4742590277181042,0.012108899392068384,-1.3000986418346387,0
-2.4746601250813933,0.010943266340026625,-0.9390256004656177,0
-2.475431495086286,0.009671929455008943,-0.5503313299029724,0
-2.4762484216551517,0.008448513479955011,-0.17524903850569418,0
-2.4769645386259826,0.007332719143981148,0.16924027928418006,0
-2.477573193339987,0.006089264190519472,0.5567773753078069,0
-2.4782417560051337,0.004924789678857788,0.920339833557918,0
-2.479101927860029,0.003724251051546723,1.2965198227658457,0
-2.4797877278193106,0.002578628931072746,1.657926679563018,0
-2.4806136355837722,0.0014377025832263968,2.0200765979006636,0
-2.4816964765387537,0.00017872033331522985,2.423734012309125,0
-2.4823360450651544,-0.0009553391213859008,2.78781047714301,0
-2.4833416756276496,-0.002038342610497512,3.141592653589793,0
-2.477874140025613,0.012368064352926478,-1.4636502100059943,0
-2.4836210196915687,0.008063403723550078,-0.14683846989135096,0
-2.489691123939818,0.0039926937455065925,1.1801497472661957,0
-2.496005109878563,0.000254575188405326,2.4916079666401387,0
-2.4682229067707446,0.011194675898306361,-0.8982350635133387,0
-2.4640640346605567,0.00634057983751557,0.5785563339703823,0
-2.460707386667789,0.0010491001276093925,2.0582848420071382,0
-2.47645736775506,0.011112046278476395,-1.027163164772964,0
-2.4784649234398954,0.010137255538319234,-0.7499076097894903,0
-2.480549554961559,0.009094289545065859,-0.4440933383991075,0
-2.4822149165145593,0.008164599677764173,-0.16186607838419986,0
-2.484259696625569,0.007198813066662257,0.13419570725322183,0
-2.4865885170733906,0.00632084026978319,0.4060239806224497,0
-2.4884638125269873,0.005474848219123363,0.6788188449021608,0
-2.4904629995272405,0.004579177755507313,0.9749770304244825,0
-2.0790966669475095,0.23868943034285417,-3.141592653589793,0
-2.082041118434717,0.23708400063021218,-2.7676285117356043,0
-2.0849980815459146,0.23545139047458497,-2.3831343097304316,0
-2.0877222548214522,0.23394319477764913,-2.0238884834737942,0
-2.090445082525369,0.23237915507301654,-1.6488189435482454,0
-2.0931310308886486,0.23095526472435957,-1.3000986418346387,0
-2.0959095035312805,0.2295000874026325,-0.9390256004656177,0
-2.0987622822158665,0.22794225574831684,-0.5503313299029724,0
-2.1014826864975458,0.22645566906034675,-0.17524903850569418,0
-2.1039899964715514,0.22510836870731765,0.16924027928418006,0
-2.106878537965861,0.2236203758436277,0.5567773753078069,0
-2.1095452036611997,0.2222389955930577,0.920339833557918,0
-2.1122360242004428,0.22082062943707514,1.2965198227658457,0
-2.1148661791663774,0.21948218314846724,1.657926679563018,0
-2.117445027665312,0.21815147210043584,2.0200765979006636,0
-2.1202543329757733,0.21667969187710012,2.423734012309125,0
-2.122900277026714,0.21538771580292604,2.78781047714301,0
-2.1253296391632626,0.21412776681775103,3.141592653589793,1
-2.090359887203558,0.23148584570531838,-1.4636502100059943,0
-2.0988907893477773,0.22601126081652856,-0.14683846989135096,0
-2.10739959215848,0.2206617622027114,1.1801497472661957,0
-2.115687821782644,0.21553160564167273,2.4916079666401387,0
-2.0987310127426015,0.22953679139604244,-0.8982350635133387,0
-2.1120261746993894,0.2239996078767046,0.5785563339703823,0
-2.124753991143927,0.21875126714226756,2.0582848420071382,0
-2.0944899835087107,0.22978487548870907,-1.027163164772964,0
-2.095965510041413,0.2286060483432708,-0.7499076097894903,0
-2.097649876968191,0.22731480803786575,-0.4440933383991075,0
-2.0993088177086454,0.22613984611588167,-0.16186607838419986,0
-2.100938923441359,0.22489779093523232,0.13419570725322183,0
-2.102268614007101,0.22373540375615875,0.4060239806224497,0
-2.1037829548443394,0.2225972726956722,0.6788188449021608,0
-2.105444535741338,0.22136840396373358,0.9749770304244825,0
-1.2379756381650049,0.06744626438833379,-3.141592653589793,1
-1.2462447455954915,0.06301405526953996,-2.7676285117356043,1
-1.2545180295686307,0.05849626168252753,-2.3831343097304316,1
-1.262113830722689,0.0543469024602401,-2.0238884834737942,1
-1.2696844859296208,0.04994331491246928,-1.6488189435482454,1
-1.2771222044967416,0.04623740180047431,-1.3000986418346387,1
-1.2847876190285203,0.04252405157933614,-0.9390256004656177,1
-1.2926366102665876,0.03842110378252306,-0.5503313299029724,1
-1.3000973376713332,0.034534785188814254,-0.17524903850569418,1
-1.3069496439844088,0.031094338914747333,0.16924027928418006,1
-1.3148078807480472,0.027481658116919938,0.5567773753078069,1
-1.3220384937431684,0.024135172228740398,0.920339833557918,1
-1.3293154345477236,0.02066366081649651,1.2965198227658457,1
-1.3363956375986903,0.017532674542431348,1.657926679563018,1
-1.343319534693214,0.014395871048805908,2.0200765979006636,1
-1.3508434108788872,0.01089747713731315,2.423734012309125,1
-1.3578828941408312,0.00808635578325001,2.78781047714301,1
-1.3643454335933167,0.00516756288123954,3.141592653589793,1
-1.2695274756208381,0.04525903184208557,-1.4636502100059943,1
-1.2933015577951634,0.028804566835010093,-0.14683846989135096,1
-1.3168802912146294,0.013347302577380038,1.1801497472661957,1
-1.3397059512926772,-0.0009290624024780314,2.4916079666401387,1
-1.2924428648574695,0.04638175444787285,-0.8982350635133387,1
-1.3283942909157254,0.03597870812731152,0.5785563339703823,1
-1.3621413985971682,0.026581682688223474,2.0582848420071382,1
-1.2809194150578675,0.042087681413212064,-1.027163164772964,1
-1.28504390231954,0.038061221484309016,-0.7499076097894903,1
-1.2897533390085396,0.03375739625895635,-0.4440933383991075,1
-1.2943792248738426,0.03002730140708776,-0.16186607838419986,1
-1.2989464383877445,0.025933536621037145,0.13419570725322183,1
-1.3027157537399523,0.02184898465936591,0.4060239806224497,1
-1.3069685361607983,0.01815462829572967,0.6788188449021608,1
-1.3116334112210524,0.014219565292370895,0.9749770304244825,1
-2.505758423583209,-0.007691702214205787,-3.141592653589793,0
-2.508187960462668,-0.009661725572581936,-2.7676285117356043,0
-2.5106165724888516,-0.011700325490390018,-2.3831343097304316,0
-2.512847611451324,-0.013582292427319231,-2.0238884834737942,0
-2.515060479571753,-0.015652413115806674,-1.6488189435482454,0
-2.5172636819107415,-0.01726504457335576,-1.3000986418346387,0
-2.5195404435098956,-0.01886093895257357,-0.9390256004656177,0
-2.521859513058876,-0.02071244530295413,-0.5503313299029724,0
-2.5240657321419406,-0.02247096282587524,-0.17524903850569418,0
-2.526098949776239,-0.024002694572512695,0.16924027928418006,0
-2.5284470427210177,-0.025533331576510054,0.5567773753078069,0
-2.5306077941972465,-0.026963790792923437,0.920339833557918,0
-2.5327788263211124,-0.02848262251728384,1.2965198227658457,0
-2.534903519847023,-0.02979245628500804,1.657926679563018,0
-2.5369789418334747,-0.03113168951791767,2.0200765979006636,0
-2.5392312612153978,-0.032656734109826946,2.423734012309125,0
-2.541360838467991,-0.03376165056974667,2.78781047714301,0
-2.5433013177633614,-0.03502041792411692,3.141592653589793,0
-2.514798535121785,-0.018919899299644438,-1.4636502100059943,0
-2.5216333119541092,-0.02735004391846063,-0.14683846989135096,0
-2.528460724732227,-0.03522745137585659,1.1801497472661957,0
-2.5351106878740186,-0.042469957074408704,2.4916079666401387,0
-2.5221556377858336,-0.015194853288076349,-0.8982350635133387,0
-2.5331737642984917,-0.01784338090135451,0.5785563339703823,0
-2.543560162163799,-0.020151524019589306,2.0582848420071382,0
-2.518286843343513,-0.01966095300692361,-1.027163164772964,0
-2.5194198617761163,-0.02193623383475707,-0.7499076097894903,0
-2.520726939211182,-0.024337538717333906,-0.4440933383991075,0
-2.52203368179922,-0.02635581580218771,-0.16186607838419986,0
-2.5233051590821414,-0.028643161109554782,0.13419570725322183,0
-2.5243219831001733,-0.03103312959455451,0.4060239806224497,0
-2.525511379488119,-0.03309358921658445,0.6788188449021608,0
-2.5268215807219265,-0.03527783624027547,0.9749770304244825,0
-2.2972117454094607,-0.23237831705294987,-3.141592653589793,0
-2.294264230156388,-0.23398629819454886,-2.7676285117356043,0
-2.2911412238262256,-0.23575996535932386,-2.3831343097304316,0
-2.2881675348746238,-0.23747132262462944,-2.0238884834737942,0
-2.28488720702615,-0.23954248710328763,-1.6488189435482454,0
-2.28204850680543,-0.24100434367889,-1.3000986418346387,0
-2.279107985902259,-0.24246187715476353,-0.9390256004656177,0
-2.275733842554944,-0.24437171915906308,-0.5503313299029724,0
-2.272419838315963,-0.2462612494046179,-0.17524903850569418,0
-2.269384072463113,-0.24792001876302727,0.16924027928418006,0
-2.2660802165991867,-0.24949113928933064,0.5567773753078069,0
-2.2629098741633755,-0.25103164126853894,0.920339833557918,0
-2.2595080385735047,-0.25279033776325655,1.2965198227658457,0
-2.256321484467356,-0.25423834199067485,1.657926679563018,0
-2.2530237184415536,-0.25582025959723076,2.0200765979006636,0
-2.249218351696744,-0.25774871556878676,2.423734012309125,0
-2.246013555924368,-0.25893580732856325,2.78781047714301,0
-2.242609456609839,-0.2605912446780474,3.141592653589793,0
-2.281211317624944,-0.24459214794729656,-1.4636502100059943,0
-2.267654938794677,-0.2555169951219862,-0.14683846989135096,0
-2.25327927062112,-0.2673398593877394,1.1801497472661957,0
-2.2382401506525045,-0.2800377549548192,2.4916079666401387,0
-2.28252112532884,-0.2354121905637241,-0.8982350635133387,0
-2.274293610900801,-0.2334612281002162,0.5785563339703823,0
-2.266038046558991,-0.23054637419245916,2.0582848420071382,0
-2.2787230842056747,-0.24427951728953712,-1.027163164772964,0
-2.275435878448512,-0.24742175192635552,-0.7499076097894903,0
-2.2718431655583813,-0.25080939053159,-0.4440933383991075,0
-2.2686474579357823,-0.2536759578069949,-0.16186607838419986,0
-2.265069828009084,-0.2571258518795063,0.13419570725322183,0
-2.2614515218659683,-0.2609787708275615,0.4060239806224497,0
-2.258073773246224,-0.2643079641417052,0.6788188449021608,0
-2.2543848082828135,-0.2679528218235552,0.9749770304244825,0
